filepath,label,split
F:\PyTorch practice\ViT_Deepfake\data\fake_cifake_images\410.png,fake,train
F:\PyTorch practice\ViT_Deepfake\data\real_cifake_images\899.png,real,train
F:\PyTorch practice\ViT_Deepfake\data\fake_cifake_images\404.png,fake,train
F:\PyTorch practice\ViT_Deepfake\data\fake_cifake_images\735.png,fake,train
F:\PyTorch practice\ViT_Deepfake\data\fake_cifake_images\712.png,fake,train
F:\PyTorch practice\ViT_Deepfake\data\fake_cifake_images\293.png,fake,train
F:\PyTorch practice\ViT_Deepfake\data\fake_cifake_images\553.png,fake,train
F:\PyTorch practice\ViT_Deepfake\data\fake_cifake_images\759.png,fake,train
F:\PyTorch practice\ViT_Deepfake\data\fake_cifake_images\69.png,fake,train
F:\PyTorch practice\ViT_Deepfake\data\fake_cifake_images\745.png,fake,train
F:\PyTorch practice\ViT_Deepfake\data\fake_cifake_images\928.png,fake,train
F:\PyTorch practice\ViT_Deepfake\data\fake_cifake_images\133.png,fake,train
F:\PyTorch practice\ViT_Deepfake\data\fake_cifake_images\184.png,fake,train
F:\PyTorch practice\ViT_Deepfake\data\fake_cifake_images\835.png,fake,train
F:\PyTorch practice\ViT_Deepfake\data\fake_cifake_images\636.png,fake,train
F:\PyTorch practice\ViT_Deepfake\data\fake_cifake_images\433.png,fake,train
F:\PyTorch practice\ViT_Deepfake\data\fake_cifake_images\101.png,fake,val
F:\PyTorch practice\ViT_Deepfake\data\fake_cifake_images\188.png,fake,train
F:\PyTorch practice\ViT_Deepfake\data\fake_cifake_images\170.png,fake,val
F:\PyTorch practice\ViT_Deepfake\data\fake_cifake_images\586.png,fake,train
F:\PyTorch practice\ViT_Deepfake\data\real_cifake_images\921.png,real,train
F:\PyTorch practice\ViT_Deepfake\data\fake_cifake_images\753.png,fake,train
F:\PyTorch practice\ViT_Deepfake\data\real_cifake_images\973.png,real,train
F:\PyTorch practice\ViT_Deepfake\data\real_cifake_images\858.png,real,train
F:\PyTorch practice\ViT_Deepfake\data\fake_cifake_images\7.png,fake,train
F:\PyTorch practice\ViT_Deepfake\data\real_cifake_images\969.png,real,val
F:\PyTorch practice\ViT_Deepfake\data\fake_cifake_images\628.png,fake,train
F:\PyTorch practice\ViT_Deepfake\data\fake_cifake_images\791.png,fake,train
F:\PyTorch practice\ViT_Deepfake\data\fake_cifake_images\209.png,fake,train
F:\PyTorch practice\ViT_Deepfake\data\fake_cifake_images\226.png,fake,train
F:\PyTorch practice\ViT_Deepfake\data\fake_cifake_images\49.png,fake,train
F:\PyTorch practice\ViT_Deepfake\data\fake_cifake_images\222.png,fake,val
F:\PyTorch practice\ViT_Deepfake\data\fake_cifake_images\849.png,fake,train
F:\PyTorch practice\ViT_Deepfake\data\real_cifake_images\985.png,real,val
F:\PyTorch practice\ViT_Deepfake\data\real_cifake_images\854.png,real,train
F:\PyTorch practice\ViT_Deepfake\data\fake_cifake_images\419.png,fake,val
F:\PyTorch practice\ViT_Deepfake\data\fake_cifake_images\296.png,fake,train
F:\PyTorch practice\ViT_Deepfake\data\real_cifake_images\923.png,real,train
F:\PyTorch practice\ViT_Deepfake\data\fake_cifake_images\656.png,fake,train
F:\PyTorch practice\ViT_Deepfake\data\fake_cifake_images\428.png,fake,train
F:\PyTorch practice\ViT_Deepfake\data\fake_cifake_images\225.png,fake,train
F:\PyTorch practice\ViT_Deepfake\data\fake_cifake_images\643.png,fake,train
F:\PyTorch practice\ViT_Deepfake\data\fake_cifake_images\176.png,fake,val
F:\PyTorch practice\ViT_Deepfake\data\real_cifake_images\980.png,real,val
F:\PyTorch practice\ViT_Deepfake\data\fake_cifake_images\943.png,fake,train
F:\PyTorch practice\ViT_Deepfake\data\fake_cifake_images\726.png,fake,train
F:\PyTorch practice\ViT_Deepfake\data\fake_cifake_images\995.png,fake,train
F:\PyTorch practice\ViT_Deepfake\data\fake_cifake_images\851.png,fake,train
F:\PyTorch practice\ViT_Deepfake\data\fake_cifake_images\559.png,fake,val
F:\PyTorch practice\ViT_Deepfake\data\fake_cifake_images\436.png,fake,train
F:\PyTorch practice\ViT_Deepfake\data\fake_cifake_images\892.png,fake,train
F:\PyTorch practice\ViT_Deepfake\data\fake_cifake_images\23.png,fake,train
F:\PyTorch practice\ViT_Deepfake\data\fake_cifake_images\322.png,fake,train
F:\PyTorch practice\ViT_Deepfake\data\fake_cifake_images\742.png,fake,train
F:\PyTorch practice\ViT_Deepfake\data\fake_cifake_images\147.png,fake,train
F:\PyTorch practice\ViT_Deepfake\data\real_cifake_images\891.png,real,train
F:\PyTorch practice\ViT_Deepfake\data\fake_cifake_images\300.png,fake,val
F:\PyTorch practice\ViT_Deepfake\data\fake_cifake_images\217.png,fake,train
F:\PyTorch practice\ViT_Deepfake\data\fake_cifake_images\562.png,fake,train
F:\PyTorch practice\ViT_Deepfake\data\fake_cifake_images\563.png,fake,train
F:\PyTorch practice\ViT_Deepfake\data\fake_cifake_images\81.png,fake,train
F:\PyTorch practice\ViT_Deepfake\data\fake_cifake_images\161.png,fake,train
F:\PyTorch practice\ViT_Deepfake\data\fake_cifake_images\439.png,fake,train
F:\PyTorch practice\ViT_Deepfake\data\fake_cifake_images\536.png,fake,train
F:\PyTorch practice\ViT_Deepfake\data\fake_cifake_images\183.png,fake,train
F:\PyTorch practice\ViT_Deepfake\data\fake_cifake_images\576.png,fake,train
F:\PyTorch practice\ViT_Deepfake\data\fake_cifake_images\355.png,fake,train
F:\PyTorch practice\ViT_Deepfake\data\fake_cifake_images\520.png,fake,train
F:\PyTorch practice\ViT_Deepfake\data\real_cifake_images\989.png,real,train
F:\PyTorch practice\ViT_Deepfake\data\fake_cifake_images\651.png,fake,train
F:\PyTorch practice\ViT_Deepfake\data\fake_cifake_images\224.png,fake,train
F:\PyTorch practice\ViT_Deepfake\data\fake_cifake_images\653.png,fake,val
F:\PyTorch practice\ViT_Deepfake\data\real_cifake_images\859.png,real,train
F:\PyTorch practice\ViT_Deepfake\data\fake_cifake_images\206.png,fake,train
F:\PyTorch practice\ViT_Deepfake\data\fake_cifake_images\311.png,fake,train
F:\PyTorch practice\ViT_Deepfake\data\fake_cifake_images\232.png,fake,train
F:\PyTorch practice\ViT_Deepfake\data\real_cifake_images\982.png,real,train
F:\PyTorch practice\ViT_Deepfake\data\fake_cifake_images\14.png,fake,train
F:\PyTorch practice\ViT_Deepfake\data\fake_cifake_images\413.png,fake,train
F:\PyTorch practice\ViT_Deepfake\data\fake_cifake_images\734.png,fake,train
F:\PyTorch practice\ViT_Deepfake\data\real_cifake_images\990.png,real,train
F:\PyTorch practice\ViT_Deepfake\data\fake_cifake_images\186.png,fake,train
F:\PyTorch practice\ViT_Deepfake\data\fake_cifake_images\205.png,fake,train
F:\PyTorch practice\ViT_Deepfake\data\fake_cifake_images\358.png,fake,train
F:\PyTorch practice\ViT_Deepfake\data\fake_cifake_images\941.png,fake,train
F:\PyTorch practice\ViT_Deepfake\data\fake_cifake_images\503.png,fake,train
F:\PyTorch practice\ViT_Deepfake\data\real_cifake_images\1000.png,real,train
F:\PyTorch practice\ViT_Deepfake\data\fake_cifake_images\547.png,fake,train
F:\PyTorch practice\ViT_Deepfake\data\fake_cifake_images\671.png,fake,val
F:\PyTorch practice\ViT_Deepfake\data\fake_cifake_images\866.png,fake,train
F:\PyTorch practice\ViT_Deepfake\data\real_cifake_images\872.png,real,train
F:\PyTorch practice\ViT_Deepfake\data\fake_cifake_images\959.png,fake,train
F:\PyTorch practice\ViT_Deepfake\data\fake_cifake_images\650.png,fake,train
F:\PyTorch practice\ViT_Deepfake\data\fake_cifake_images\100.png,fake,train
F:\PyTorch practice\ViT_Deepfake\data\fake_cifake_images\847.png,fake,train
F:\PyTorch practice\ViT_Deepfake\data\fake_cifake_images\348.png,fake,train
F:\PyTorch practice\ViT_Deepfake\data\fake_cifake_images\611.png,fake,train
F:\PyTorch practice\ViT_Deepfake\data\fake_cifake_images\526.png,fake,train
F:\PyTorch practice\ViT_Deepfake\data\fake_cifake_images\850.png,fake,train
F:\PyTorch practice\ViT_Deepfake\data\fake_cifake_images\767.png,fake,train
F:\PyTorch practice\ViT_Deepfake\data\fake_cifake_images\646.png,fake,train
F:\PyTorch practice\ViT_Deepfake\data\fake_cifake_images\932.png,fake,train
F:\PyTorch practice\ViT_Deepfake\data\fake_cifake_images\929.png,fake,train
F:\PyTorch practice\ViT_Deepfake\data\fake_cifake_images\723.png,fake,train
F:\PyTorch practice\ViT_Deepfake\data\fake_cifake_images\854.png,fake,train
F:\PyTorch practice\ViT_Deepfake\data\fake_cifake_images\4.png,fake,train
F:\PyTorch practice\ViT_Deepfake\data\fake_cifake_images\765.png,fake,train
F:\PyTorch practice\ViT_Deepfake\data\fake_cifake_images\328.png,fake,train
F:\PyTorch practice\ViT_Deepfake\data\fake_cifake_images\162.png,fake,val
F:\PyTorch practice\ViT_Deepfake\data\fake_cifake_images\521.png,fake,val
F:\PyTorch practice\ViT_Deepfake\data\real_cifake_images\965.png,real,train
F:\PyTorch practice\ViT_Deepfake\data\fake_cifake_images\931.png,fake,val
F:\PyTorch practice\ViT_Deepfake\data\fake_cifake_images\528.png,fake,train
F:\PyTorch practice\ViT_Deepfake\data\real_cifake_images\962.png,real,train
F:\PyTorch practice\ViT_Deepfake\data\real_cifake_images\895.png,real,train
F:\PyTorch practice\ViT_Deepfake\data\fake_cifake_images\118.png,fake,train
F:\PyTorch practice\ViT_Deepfake\data\fake_cifake_images\881.png,fake,val
F:\PyTorch practice\ViT_Deepfake\data\fake_cifake_images\435.png,fake,train
F:\PyTorch practice\ViT_Deepfake\data\fake_cifake_images\409.png,fake,train
F:\PyTorch practice\ViT_Deepfake\data\fake_cifake_images\687.png,fake,train
F:\PyTorch practice\ViT_Deepfake\data\fake_cifake_images\510.png,fake,train
F:\PyTorch practice\ViT_Deepfake\data\fake_cifake_images\74.png,fake,train
F:\PyTorch practice\ViT_Deepfake\data\fake_cifake_images\780.png,fake,train
F:\PyTorch practice\ViT_Deepfake\data\fake_cifake_images\84.png,fake,val
F:\PyTorch practice\ViT_Deepfake\data\fake_cifake_images\281.png,fake,train
F:\PyTorch practice\ViT_Deepfake\data\fake_cifake_images\94.png,fake,train
F:\PyTorch practice\ViT_Deepfake\data\real_cifake_images\979.png,real,train
F:\PyTorch practice\ViT_Deepfake\data\real_cifake_images\897.png,real,train
F:\PyTorch practice\ViT_Deepfake\data\fake_cifake_images\478.png,fake,train
F:\PyTorch practice\ViT_Deepfake\data\fake_cifake_images\230.png,fake,train
F:\PyTorch practice\ViT_Deepfake\data\fake_cifake_images\331.png,fake,val
F:\PyTorch practice\ViT_Deepfake\data\fake_cifake_images\679.png,fake,train
F:\PyTorch practice\ViT_Deepfake\data\fake_cifake_images\811.png,fake,train
F:\PyTorch practice\ViT_Deepfake\data\fake_cifake_images\482.png,fake,train
F:\PyTorch practice\ViT_Deepfake\data\real_cifake_images\853.png,real,train
F:\PyTorch practice\ViT_Deepfake\data\fake_cifake_images\743.png,fake,train
F:\PyTorch practice\ViT_Deepfake\data\fake_cifake_images\778.png,fake,train
F:\PyTorch practice\ViT_Deepfake\data\fake_cifake_images\747.png,fake,train
F:\PyTorch practice\ViT_Deepfake\data\fake_cifake_images\342.png,fake,train
F:\PyTorch practice\ViT_Deepfake\data\fake_cifake_images\702.png,fake,train
F:\PyTorch practice\ViT_Deepfake\data\fake_cifake_images\302.png,fake,val
F:\PyTorch practice\ViT_Deepfake\data\fake_cifake_images\979.png,fake,train
F:\PyTorch practice\ViT_Deepfake\data\fake_cifake_images\584.png,fake,train
F:\PyTorch practice\ViT_Deepfake\data\fake_cifake_images\24.png,fake,train
F:\PyTorch practice\ViT_Deepfake\data\fake_cifake_images\724.png,fake,val
F:\PyTorch practice\ViT_Deepfake\data\fake_cifake_images\822.png,fake,train
F:\PyTorch practice\ViT_Deepfake\data\fake_cifake_images\238.png,fake,train
F:\PyTorch practice\ViT_Deepfake\data\fake_cifake_images\944.png,fake,train
F:\PyTorch practice\ViT_Deepfake\data\real_cifake_images\881.png,real,train
F:\PyTorch practice\ViT_Deepfake\data\fake_cifake_images\934.png,fake,train
F:\PyTorch practice\ViT_Deepfake\data\fake_cifake_images\361.png,fake,train
F:\PyTorch practice\ViT_Deepfake\data\fake_cifake_images\421.png,fake,train
F:\PyTorch practice\ViT_Deepfake\data\fake_cifake_images\156.png,fake,val
F:\PyTorch practice\ViT_Deepfake\data\fake_cifake_images\969.png,fake,train
F:\PyTorch practice\ViT_Deepfake\data\fake_cifake_images\572.png,fake,train
F:\PyTorch practice\ViT_Deepfake\data\real_cifake_images\992.png,real,train
F:\PyTorch practice\ViT_Deepfake\data\fake_cifake_images\377.png,fake,train
F:\PyTorch practice\ViT_Deepfake\data\fake_cifake_images\443.png,fake,train
F:\PyTorch practice\ViT_Deepfake\data\fake_cifake_images\699.png,fake,train
F:\PyTorch practice\ViT_Deepfake\data\fake_cifake_images\612.png,fake,train
F:\PyTorch practice\ViT_Deepfake\data\fake_cifake_images\374.png,fake,train
F:\PyTorch practice\ViT_Deepfake\data\fake_cifake_images\921.png,fake,train
F:\PyTorch practice\ViT_Deepfake\data\fake_cifake_images\799.png,fake,train
F:\PyTorch practice\ViT_Deepfake\data\fake_cifake_images\422.png,fake,train
F:\PyTorch practice\ViT_Deepfake\data\fake_cifake_images\531.png,fake,train
F:\PyTorch practice\ViT_Deepfake\data\fake_cifake_images\67.png,fake,train
F:\PyTorch practice\ViT_Deepfake\data\fake_cifake_images\910.png,fake,train
F:\PyTorch practice\ViT_Deepfake\data\real_cifake_images\930.png,real,train
F:\PyTorch practice\ViT_Deepfake\data\fake_cifake_images\670.png,fake,train
F:\PyTorch practice\ViT_Deepfake\data\fake_cifake_images\758.png,fake,train
F:\PyTorch practice\ViT_Deepfake\data\fake_cifake_images\231.png,fake,train
F:\PyTorch practice\ViT_Deepfake\data\fake_cifake_images\136.png,fake,train
F:\PyTorch practice\ViT_Deepfake\data\fake_cifake_images\994.png,fake,train
F:\PyTorch practice\ViT_Deepfake\data\fake_cifake_images\760.png,fake,train
F:\PyTorch practice\ViT_Deepfake\data\real_cifake_images\932.png,real,train
F:\PyTorch practice\ViT_Deepfake\data\fake_cifake_images\674.png,fake,train
F:\PyTorch practice\ViT_Deepfake\data\fake_cifake_images\234.png,fake,train
F:\PyTorch practice\ViT_Deepfake\data\fake_cifake_images\669.png,fake,train
F:\PyTorch practice\ViT_Deepfake\data\fake_cifake_images\471.png,fake,train
F:\PyTorch practice\ViT_Deepfake\data\fake_cifake_images\833.png,fake,train
F:\PyTorch practice\ViT_Deepfake\data\fake_cifake_images\600.png,fake,train
F:\PyTorch practice\ViT_Deepfake\data\fake_cifake_images\17.png,fake,train
F:\PyTorch practice\ViT_Deepfake\data\fake_cifake_images\919.png,fake,train
F:\PyTorch practice\ViT_Deepfake\data\fake_cifake_images\105.png,fake,train
F:\PyTorch practice\ViT_Deepfake\data\real_cifake_images\922.png,real,train
F:\PyTorch practice\ViT_Deepfake\data\fake_cifake_images\487.png,fake,train
F:\PyTorch practice\ViT_Deepfake\data\fake_cifake_images\832.png,fake,train
F:\PyTorch practice\ViT_Deepfake\data\fake_cifake_images\975.png,fake,train
F:\PyTorch practice\ViT_Deepfake\data\fake_cifake_images\58.png,fake,train
F:\PyTorch practice\ViT_Deepfake\data\fake_cifake_images\649.png,fake,train
F:\PyTorch practice\ViT_Deepfake\data\fake_cifake_images\179.png,fake,train
F:\PyTorch practice\ViT_Deepfake\data\fake_cifake_images\706.png,fake,train
F:\PyTorch practice\ViT_Deepfake\data\fake_cifake_images\146.png,fake,val
F:\PyTorch practice\ViT_Deepfake\data\fake_cifake_images\344.png,fake,train
F:\PyTorch practice\ViT_Deepfake\data\real_cifake_images\862.png,real,train
F:\PyTorch practice\ViT_Deepfake\data\real_cifake_images\945.png,real,train
F:\PyTorch practice\ViT_Deepfake\data\fake_cifake_images\280.png,fake,train
F:\PyTorch practice\ViT_Deepfake\data\fake_cifake_images\454.png,fake,train
F:\PyTorch practice\ViT_Deepfake\data\fake_cifake_images\57.png,fake,val
F:\PyTorch practice\ViT_Deepfake\data\fake_cifake_images\757.png,fake,train
F:\PyTorch practice\ViT_Deepfake\data\fake_cifake_images\480.png,fake,train
F:\PyTorch practice\ViT_Deepfake\data\fake_cifake_images\195.png,fake,train
F:\PyTorch practice\ViT_Deepfake\data\fake_cifake_images\363.png,fake,train
F:\PyTorch practice\ViT_Deepfake\data\fake_cifake_images\466.png,fake,train
F:\PyTorch practice\ViT_Deepfake\data\fake_cifake_images\178.png,fake,train
F:\PyTorch practice\ViT_Deepfake\data\fake_cifake_images\258.png,fake,train
F:\PyTorch practice\ViT_Deepfake\data\fake_cifake_images\400.png,fake,train
F:\PyTorch practice\ViT_Deepfake\data\fake_cifake_images\165.png,fake,train
F:\PyTorch practice\ViT_Deepfake\data\fake_cifake_images\807.png,fake,train
F:\PyTorch practice\ViT_Deepfake\data\fake_cifake_images\473.png,fake,train
F:\PyTorch practice\ViT_Deepfake\data\fake_cifake_images\637.png,fake,train
F:\PyTorch practice\ViT_Deepfake\data\fake_cifake_images\319.png,fake,train
F:\PyTorch practice\ViT_Deepfake\data\fake_cifake_images\802.png,fake,val
F:\PyTorch practice\ViT_Deepfake\data\fake_cifake_images\918.png,fake,train
F:\PyTorch practice\ViT_Deepfake\data\fake_cifake_images\345.png,fake,val
F:\PyTorch practice\ViT_Deepfake\data\fake_cifake_images\208.png,fake,train
F:\PyTorch practice\ViT_Deepfake\data\fake_cifake_images\930.png,fake,train
F:\PyTorch practice\ViT_Deepfake\data\fake_cifake_images\660.png,fake,train
F:\PyTorch practice\ViT_Deepfake\data\fake_cifake_images\926.png,fake,val
F:\PyTorch practice\ViT_Deepfake\data\fake_cifake_images\431.png,fake,train
F:\PyTorch practice\ViT_Deepfake\data\fake_cifake_images\863.png,fake,train
F:\PyTorch practice\ViT_Deepfake\data\fake_cifake_images\253.png,fake,train
F:\PyTorch practice\ViT_Deepfake\data\fake_cifake_images\461.png,fake,train
F:\PyTorch practice\ViT_Deepfake\data\fake_cifake_images\251.png,fake,train
F:\PyTorch practice\ViT_Deepfake\data\fake_cifake_images\426.png,fake,train
F:\PyTorch practice\ViT_Deepfake\data\fake_cifake_images\950.png,fake,train
F:\PyTorch practice\ViT_Deepfake\data\fake_cifake_images\308.png,fake,train
F:\PyTorch practice\ViT_Deepfake\data\fake_cifake_images\897.png,fake,train
F:\PyTorch practice\ViT_Deepfake\data\fake_cifake_images\949.png,fake,train
F:\PyTorch practice\ViT_Deepfake\data\fake_cifake_images\79.png,fake,train
F:\PyTorch practice\ViT_Deepfake\data\fake_cifake_images\262.png,fake,train
F:\PyTorch practice\ViT_Deepfake\data\fake_cifake_images\887.png,fake,train
F:\PyTorch practice\ViT_Deepfake\data\fake_cifake_images\351.png,fake,train
F:\PyTorch practice\ViT_Deepfake\data\fake_cifake_images\535.png,fake,train
F:\PyTorch practice\ViT_Deepfake\data\fake_cifake_images\182.png,fake,train
F:\PyTorch practice\ViT_Deepfake\data\fake_cifake_images\876.png,fake,train
F:\PyTorch practice\ViT_Deepfake\data\fake_cifake_images\976.png,fake,train
F:\PyTorch practice\ViT_Deepfake\data\real_cifake_images\961.png,real,train
F:\PyTorch practice\ViT_Deepfake\data\fake_cifake_images\107.png,fake,train
F:\PyTorch practice\ViT_Deepfake\data\fake_cifake_images\402.png,fake,train
F:\PyTorch practice\ViT_Deepfake\data\fake_cifake_images\696.png,fake,train
F:\PyTorch practice\ViT_Deepfake\data\fake_cifake_images\529.png,fake,train
F:\PyTorch practice\ViT_Deepfake\data\real_cifake_images\988.png,real,train
F:\PyTorch practice\ViT_Deepfake\data\fake_cifake_images\566.png,fake,train
F:\PyTorch practice\ViT_Deepfake\data\fake_cifake_images\357.png,fake,train
F:\PyTorch practice\ViT_Deepfake\data\fake_cifake_images\795.png,fake,val
F:\PyTorch practice\ViT_Deepfake\data\fake_cifake_images\825.png,fake,train
F:\PyTorch practice\ViT_Deepfake\data\real_cifake_images\993.png,real,train
F:\PyTorch practice\ViT_Deepfake\data\fake_cifake_images\966.png,fake,train
F:\PyTorch practice\ViT_Deepfake\data\fake_cifake_images\249.png,fake,train
F:\PyTorch practice\ViT_Deepfake\data\fake_cifake_images\658.png,fake,train
F:\PyTorch practice\ViT_Deepfake\data\fake_cifake_images\688.png,fake,train
F:\PyTorch practice\ViT_Deepfake\data\fake_cifake_images\514.png,fake,train
F:\PyTorch practice\ViT_Deepfake\data\fake_cifake_images\51.png,fake,train
F:\PyTorch practice\ViT_Deepfake\data\fake_cifake_images\523.png,fake,train
F:\PyTorch practice\ViT_Deepfake\data\fake_cifake_images\512.png,fake,train
F:\PyTorch practice\ViT_Deepfake\data\fake_cifake_images\507.png,fake,train
F:\PyTorch practice\ViT_Deepfake\data\fake_cifake_images\548.png,fake,train
F:\PyTorch practice\ViT_Deepfake\data\fake_cifake_images\171.png,fake,train
F:\PyTorch practice\ViT_Deepfake\data\fake_cifake_images\352.png,fake,train
F:\PyTorch practice\ViT_Deepfake\data\fake_cifake_images\172.png,fake,train
F:\PyTorch practice\ViT_Deepfake\data\fake_cifake_images\893.png,fake,train
F:\PyTorch practice\ViT_Deepfake\data\fake_cifake_images\591.png,fake,train
F:\PyTorch practice\ViT_Deepfake\data\fake_cifake_images\541.png,fake,train
F:\PyTorch practice\ViT_Deepfake\data\fake_cifake_images\884.png,fake,train
F:\PyTorch practice\ViT_Deepfake\data\real_cifake_images\861.png,real,train
F:\PyTorch practice\ViT_Deepfake\data\fake_cifake_images\346.png,fake,train
F:\PyTorch practice\ViT_Deepfake\data\fake_cifake_images\844.png,fake,train
F:\PyTorch practice\ViT_Deepfake\data\fake_cifake_images\59.png,fake,train
F:\PyTorch practice\ViT_Deepfake\data\fake_cifake_images\463.png,fake,train
F:\PyTorch practice\ViT_Deepfake\data\fake_cifake_images\665.png,fake,train
F:\PyTorch practice\ViT_Deepfake\data\fake_cifake_images\157.png,fake,train
F:\PyTorch practice\ViT_Deepfake\data\fake_cifake_images\534.png,fake,train
F:\PyTorch practice\ViT_Deepfake\data\fake_cifake_images\715.png,fake,train
F:\PyTorch practice\ViT_Deepfake\data\fake_cifake_images\946.png,fake,train
F:\PyTorch practice\ViT_Deepfake\data\fake_cifake_images\287.png,fake,train
F:\PyTorch practice\ViT_Deepfake\data\fake_cifake_images\491.png,fake,train
F:\PyTorch practice\ViT_Deepfake\data\fake_cifake_images\805.png,fake,train
F:\PyTorch practice\ViT_Deepfake\data\fake_cifake_images\256.png,fake,train
F:\PyTorch practice\ViT_Deepfake\data\real_cifake_images\866.png,real,train
F:\PyTorch practice\ViT_Deepfake\data\fake_cifake_images\585.png,fake,train
F:\PyTorch practice\ViT_Deepfake\data\fake_cifake_images\376.png,fake,train
F:\PyTorch practice\ViT_Deepfake\data\real_cifake_images\927.png,real,train
F:\PyTorch practice\ViT_Deepfake\data\fake_cifake_images\721.png,fake,train
F:\PyTorch practice\ViT_Deepfake\data\fake_cifake_images\151.png,fake,train
F:\PyTorch practice\ViT_Deepfake\data\real_cifake_images\860.png,real,train
F:\PyTorch practice\ViT_Deepfake\data\fake_cifake_images\915.png,fake,train
F:\PyTorch practice\ViT_Deepfake\data\fake_cifake_images\247.png,fake,train
F:\PyTorch practice\ViT_Deepfake\data\fake_cifake_images\869.png,fake,train
F:\PyTorch practice\ViT_Deepfake\data\fake_cifake_images\207.png,fake,train
F:\PyTorch practice\ViT_Deepfake\data\fake_cifake_images\227.png,fake,train
F:\PyTorch practice\ViT_Deepfake\data\fake_cifake_images\446.png,fake,train
F:\PyTorch practice\ViT_Deepfake\data\fake_cifake_images\722.png,fake,train
F:\PyTorch practice\ViT_Deepfake\data\fake_cifake_images\5.png,fake,train
F:\PyTorch practice\ViT_Deepfake\data\fake_cifake_images\639.png,fake,train
F:\PyTorch practice\ViT_Deepfake\data\fake_cifake_images\405.png,fake,train
F:\PyTorch practice\ViT_Deepfake\data\fake_cifake_images\661.png,fake,val
F:\PyTorch practice\ViT_Deepfake\data\fake_cifake_images\546.png,fake,train
F:\PyTorch practice\ViT_Deepfake\data\fake_cifake_images\500.png,fake,train
F:\PyTorch practice\ViT_Deepfake\data\real_cifake_images\942.png,real,val
F:\PyTorch practice\ViT_Deepfake\data\fake_cifake_images\965.png,fake,train
F:\PyTorch practice\ViT_Deepfake\data\fake_cifake_images\843.png,fake,train
F:\PyTorch practice\ViT_Deepfake\data\fake_cifake_images\907.png,fake,train
F:\PyTorch practice\ViT_Deepfake\data\fake_cifake_images\416.png,fake,train
F:\PyTorch practice\ViT_Deepfake\data\fake_cifake_images\540.png,fake,train
F:\PyTorch practice\ViT_Deepfake\data\fake_cifake_images\525.png,fake,train
F:\PyTorch practice\ViT_Deepfake\data\real_cifake_images\941.png,real,train
F:\PyTorch practice\ViT_Deepfake\data\fake_cifake_images\641.png,fake,val
F:\PyTorch practice\ViT_Deepfake\data\fake_cifake_images\582.png,fake,train
F:\PyTorch practice\ViT_Deepfake\data\fake_cifake_images\91.png,fake,train
F:\PyTorch practice\ViT_Deepfake\data\fake_cifake_images\766.png,fake,train
F:\PyTorch practice\ViT_Deepfake\data\fake_cifake_images\552.png,fake,train
F:\PyTorch practice\ViT_Deepfake\data\fake_cifake_images\216.png,fake,train
F:\PyTorch practice\ViT_Deepfake\data\fake_cifake_images\631.png,fake,val
F:\PyTorch practice\ViT_Deepfake\data\fake_cifake_images\657.png,fake,train
F:\PyTorch practice\ViT_Deepfake\data\fake_cifake_images\35.png,fake,train
F:\PyTorch practice\ViT_Deepfake\data\fake_cifake_images\785.png,fake,train
F:\PyTorch practice\ViT_Deepfake\data\fake_cifake_images\598.png,fake,train
F:\PyTorch practice\ViT_Deepfake\data\fake_cifake_images\978.png,fake,train
F:\PyTorch practice\ViT_Deepfake\data\fake_cifake_images\824.png,fake,val
F:\PyTorch practice\ViT_Deepfake\data\fake_cifake_images\912.png,fake,train
F:\PyTorch practice\ViT_Deepfake\data\fake_cifake_images\330.png,fake,train
F:\PyTorch practice\ViT_Deepfake\data\fake_cifake_images\441.png,fake,train
F:\PyTorch practice\ViT_Deepfake\data\real_cifake_images\931.png,real,val
F:\PyTorch practice\ViT_Deepfake\data\fake_cifake_images\263.png,fake,train
F:\PyTorch practice\ViT_Deepfake\data\fake_cifake_images\522.png,fake,train
F:\PyTorch practice\ViT_Deepfake\data\fake_cifake_images\110.png,fake,train
F:\PyTorch practice\ViT_Deepfake\data\fake_cifake_images\783.png,fake,train
F:\PyTorch practice\ViT_Deepfake\data\fake_cifake_images\333.png,fake,val
F:\PyTorch practice\ViT_Deepfake\data\fake_cifake_images\31.png,fake,train
F:\PyTorch practice\ViT_Deepfake\data\fake_cifake_images\16.png,fake,train
F:\PyTorch practice\ViT_Deepfake\data\fake_cifake_images\449.png,fake,train
F:\PyTorch practice\ViT_Deepfake\data\fake_cifake_images\615.png,fake,train
F:\PyTorch practice\ViT_Deepfake\data\fake_cifake_images\237.png,fake,train
F:\PyTorch practice\ViT_Deepfake\data\fake_cifake_images\725.png,fake,train
F:\PyTorch practice\ViT_Deepfake\data\real_cifake_images\970.png,real,train
F:\PyTorch practice\ViT_Deepfake\data\fake_cifake_images\906.png,fake,train
F:\PyTorch practice\ViT_Deepfake\data\fake_cifake_images\68.png,fake,train
F:\PyTorch practice\ViT_Deepfake\data\fake_cifake_images\459.png,fake,train
F:\PyTorch practice\ViT_Deepfake\data\fake_cifake_images\462.png,fake,train
F:\PyTorch practice\ViT_Deepfake\data\fake_cifake_images\384.png,fake,train
F:\PyTorch practice\ViT_Deepfake\data\fake_cifake_images\654.png,fake,train
F:\PyTorch practice\ViT_Deepfake\data\fake_cifake_images\567.png,fake,train
F:\PyTorch practice\ViT_Deepfake\data\fake_cifake_images\988.png,fake,train
F:\PyTorch practice\ViT_Deepfake\data\fake_cifake_images\542.png,fake,train
F:\PyTorch practice\ViT_Deepfake\data\fake_cifake_images\609.png,fake,train
F:\PyTorch practice\ViT_Deepfake\data\fake_cifake_images\64.png,fake,train
F:\PyTorch practice\ViT_Deepfake\data\real_cifake_images\926.png,real,train
F:\PyTorch practice\ViT_Deepfake\data\real_cifake_images\856.png,real,train
F:\PyTorch practice\ViT_Deepfake\data\fake_cifake_images\229.png,fake,train
F:\PyTorch practice\ViT_Deepfake\data\fake_cifake_images\617.png,fake,train
F:\PyTorch practice\ViT_Deepfake\data\fake_cifake_images\199.png,fake,train
F:\PyTorch practice\ViT_Deepfake\data\fake_cifake_images\732.png,fake,train
F:\PyTorch practice\ViT_Deepfake\data\fake_cifake_images\283.png,fake,train
F:\PyTorch practice\ViT_Deepfake\data\fake_cifake_images\257.png,fake,train
F:\PyTorch practice\ViT_Deepfake\data\fake_cifake_images\816.png,fake,train
F:\PyTorch practice\ViT_Deepfake\data\fake_cifake_images\781.png,fake,train
F:\PyTorch practice\ViT_Deepfake\data\fake_cifake_images\33.png,fake,train
F:\PyTorch practice\ViT_Deepfake\data\real_cifake_images\884.png,real,val
F:\PyTorch practice\ViT_Deepfake\data\fake_cifake_images\92.png,fake,train
F:\PyTorch practice\ViT_Deepfake\data\fake_cifake_images\614.png,fake,train
F:\PyTorch practice\ViT_Deepfake\data\real_cifake_images\981.png,real,train
F:\PyTorch practice\ViT_Deepfake\data\fake_cifake_images\429.png,fake,train
F:\PyTorch practice\ViT_Deepfake\data\fake_cifake_images\193.png,fake,train
F:\PyTorch practice\ViT_Deepfake\data\fake_cifake_images\790.png,fake,train
F:\PyTorch practice\ViT_Deepfake\data\fake_cifake_images\163.png,fake,val
F:\PyTorch practice\ViT_Deepfake\data\real_cifake_images\917.png,real,train
F:\PyTorch practice\ViT_Deepfake\data\real_cifake_images\863.png,real,train
F:\PyTorch practice\ViT_Deepfake\data\fake_cifake_images\42.png,fake,train
F:\PyTorch practice\ViT_Deepfake\data\fake_cifake_images\96.png,fake,train
F:\PyTorch practice\ViT_Deepfake\data\fake_cifake_images\717.png,fake,train
F:\PyTorch practice\ViT_Deepfake\data\fake_cifake_images\707.png,fake,train
F:\PyTorch practice\ViT_Deepfake\data\fake_cifake_images\340.png,fake,train
F:\PyTorch practice\ViT_Deepfake\data\fake_cifake_images\492.png,fake,train
F:\PyTorch practice\ViT_Deepfake\data\fake_cifake_images\50.png,fake,train
F:\PyTorch practice\ViT_Deepfake\data\real_cifake_images\968.png,real,train
F:\PyTorch practice\ViT_Deepfake\data\fake_cifake_images\451.png,fake,train
F:\PyTorch practice\ViT_Deepfake\data\fake_cifake_images\681.png,fake,val
F:\PyTorch practice\ViT_Deepfake\data\fake_cifake_images\381.png,fake,val
F:\PyTorch practice\ViT_Deepfake\data\fake_cifake_images\973.png,fake,train
F:\PyTorch practice\ViT_Deepfake\data\fake_cifake_images\93.png,fake,train
F:\PyTorch practice\ViT_Deepfake\data\fake_cifake_images\958.png,fake,train
F:\PyTorch practice\ViT_Deepfake\data\fake_cifake_images\175.png,fake,val
F:\PyTorch practice\ViT_Deepfake\data\fake_cifake_images\266.png,fake,train
F:\PyTorch practice\ViT_Deepfake\data\fake_cifake_images\762.png,fake,train
F:\PyTorch practice\ViT_Deepfake\data\fake_cifake_images\37.png,fake,train
F:\PyTorch practice\ViT_Deepfake\data\real_cifake_images\886.png,real,train
F:\PyTorch practice\ViT_Deepfake\data\real_cifake_images\920.png,real,train
F:\PyTorch practice\ViT_Deepfake\data\real_cifake_images\943.png,real,train
F:\PyTorch practice\ViT_Deepfake\data\real_cifake_images\997.png,real,train
F:\PyTorch practice\ViT_Deepfake\data\fake_cifake_images\19.png,fake,train
F:\PyTorch practice\ViT_Deepfake\data\fake_cifake_images\655.png,fake,train
F:\PyTorch practice\ViT_Deepfake\data\fake_cifake_images\989.png,fake,train
F:\PyTorch practice\ViT_Deepfake\data\fake_cifake_images\197.png,fake,train
F:\PyTorch practice\ViT_Deepfake\data\real_cifake_images\994.png,real,train
F:\PyTorch practice\ViT_Deepfake\data\fake_cifake_images\666.png,fake,train
F:\PyTorch practice\ViT_Deepfake\data\fake_cifake_images\667.png,fake,train
F:\PyTorch practice\ViT_Deepfake\data\fake_cifake_images\240.png,fake,train
F:\PyTorch practice\ViT_Deepfake\data\fake_cifake_images\219.png,fake,train
F:\PyTorch practice\ViT_Deepfake\data\fake_cifake_images\152.png,fake,train
F:\PyTorch practice\ViT_Deepfake\data\fake_cifake_images\332.png,fake,train
F:\PyTorch practice\ViT_Deepfake\data\fake_cifake_images\432.png,fake,train
F:\PyTorch practice\ViT_Deepfake\data\fake_cifake_images\737.png,fake,train
F:\PyTorch practice\ViT_Deepfake\data\fake_cifake_images\475.png,fake,train
F:\PyTorch practice\ViT_Deepfake\data\fake_cifake_images\496.png,fake,train
F:\PyTorch practice\ViT_Deepfake\data\fake_cifake_images\513.png,fake,train
F:\PyTorch practice\ViT_Deepfake\data\fake_cifake_images\312.png,fake,train
F:\PyTorch practice\ViT_Deepfake\data\fake_cifake_images\126.png,fake,train
F:\PyTorch practice\ViT_Deepfake\data\real_cifake_images\944.png,real,train
F:\PyTorch practice\ViT_Deepfake\data\fake_cifake_images\867.png,fake,train
F:\PyTorch practice\ViT_Deepfake\data\fake_cifake_images\139.png,fake,train
F:\PyTorch practice\ViT_Deepfake\data\real_cifake_images\975.png,real,train
F:\PyTorch practice\ViT_Deepfake\data\fake_cifake_images\196.png,fake,train
F:\PyTorch practice\ViT_Deepfake\data\fake_cifake_images\367.png,fake,train
F:\PyTorch practice\ViT_Deepfake\data\fake_cifake_images\173.png,fake,train
F:\PyTorch practice\ViT_Deepfake\data\fake_cifake_images\185.png,fake,train
F:\PyTorch practice\ViT_Deepfake\data\fake_cifake_images\898.png,fake,train
F:\PyTorch practice\ViT_Deepfake\data\real_cifake_images\893.png,real,train
F:\PyTorch practice\ViT_Deepfake\data\fake_cifake_images\489.png,fake,train
F:\PyTorch practice\ViT_Deepfake\data\fake_cifake_images\98.png,fake,val
F:\PyTorch practice\ViT_Deepfake\data\fake_cifake_images\191.png,fake,train
F:\PyTorch practice\ViT_Deepfake\data\fake_cifake_images\119.png,fake,train
F:\PyTorch practice\ViT_Deepfake\data\fake_cifake_images\169.png,fake,train
F:\PyTorch practice\ViT_Deepfake\data\fake_cifake_images\298.png,fake,val
F:\PyTorch practice\ViT_Deepfake\data\fake_cifake_images\354.png,fake,train
F:\PyTorch practice\ViT_Deepfake\data\fake_cifake_images\353.png,fake,train
F:\PyTorch practice\ViT_Deepfake\data\fake_cifake_images\479.png,fake,train
F:\PyTorch practice\ViT_Deepfake\data\fake_cifake_images\616.png,fake,train
F:\PyTorch practice\ViT_Deepfake\data\fake_cifake_images\829.png,fake,train
F:\PyTorch practice\ViT_Deepfake\data\fake_cifake_images\52.png,fake,train
F:\PyTorch practice\ViT_Deepfake\data\fake_cifake_images\115.png,fake,train
F:\PyTorch practice\ViT_Deepfake\data\fake_cifake_images\730.png,fake,train
F:\PyTorch practice\ViT_Deepfake\data\fake_cifake_images\494.png,fake,train
F:\PyTorch practice\ViT_Deepfake\data\fake_cifake_images\210.png,fake,val
F:\PyTorch practice\ViT_Deepfake\data\fake_cifake_images\945.png,fake,val
F:\PyTorch practice\ViT_Deepfake\data\fake_cifake_images\895.png,fake,train
F:\PyTorch practice\ViT_Deepfake\data\fake_cifake_images\452.png,fake,train
F:\PyTorch practice\ViT_Deepfake\data\fake_cifake_images\174.png,fake,train
F:\PyTorch practice\ViT_Deepfake\data\fake_cifake_images\481.png,fake,train
F:\PyTorch practice\ViT_Deepfake\data\fake_cifake_images\987.png,fake,train
F:\PyTorch practice\ViT_Deepfake\data\fake_cifake_images\977.png,fake,train
F:\PyTorch practice\ViT_Deepfake\data\fake_cifake_images\282.png,fake,train
F:\PyTorch practice\ViT_Deepfake\data\fake_cifake_images\103.png,fake,train
F:\PyTorch practice\ViT_Deepfake\data\fake_cifake_images\633.png,fake,train
F:\PyTorch practice\ViT_Deepfake\data\fake_cifake_images\337.png,fake,train
F:\PyTorch practice\ViT_Deepfake\data\fake_cifake_images\40.png,fake,train
F:\PyTorch practice\ViT_Deepfake\data\real_cifake_images\883.png,real,train
F:\PyTorch practice\ViT_Deepfake\data\real_cifake_images\906.png,real,train
F:\PyTorch practice\ViT_Deepfake\data\real_cifake_images\867.png,real,train
F:\PyTorch practice\ViT_Deepfake\data\fake_cifake_images\380.png,fake,train
F:\PyTorch practice\ViT_Deepfake\data\fake_cifake_images\362.png,fake,train
F:\PyTorch practice\ViT_Deepfake\data\real_cifake_images\880.png,real,train
F:\PyTorch practice\ViT_Deepfake\data\fake_cifake_images\804.png,fake,train
F:\PyTorch practice\ViT_Deepfake\data\fake_cifake_images\370.png,fake,train
F:\PyTorch practice\ViT_Deepfake\data\fake_cifake_images\137.png,fake,train
F:\PyTorch practice\ViT_Deepfake\data\fake_cifake_images\260.png,fake,train
F:\PyTorch practice\ViT_Deepfake\data\fake_cifake_images\313.png,fake,train
F:\PyTorch practice\ViT_Deepfake\data\fake_cifake_images\27.png,fake,val
F:\PyTorch practice\ViT_Deepfake\data\fake_cifake_images\880.png,fake,train
F:\PyTorch practice\ViT_Deepfake\data\fake_cifake_images\604.png,fake,train
F:\PyTorch practice\ViT_Deepfake\data\fake_cifake_images\424.png,fake,train
F:\PyTorch practice\ViT_Deepfake\data\fake_cifake_images\47.png,fake,val
F:\PyTorch practice\ViT_Deepfake\data\fake_cifake_images\255.png,fake,train
F:\PyTorch practice\ViT_Deepfake\data\fake_cifake_images\772.png,fake,val
F:\PyTorch practice\ViT_Deepfake\data\fake_cifake_images\621.png,fake,train
F:\PyTorch practice\ViT_Deepfake\data\fake_cifake_images\917.png,fake,train
F:\PyTorch practice\ViT_Deepfake\data\real_cifake_images\918.png,real,train
F:\PyTorch practice\ViT_Deepfake\data\fake_cifake_images\690.png,fake,val
F:\PyTorch practice\ViT_Deepfake\data\fake_cifake_images\265.png,fake,train
F:\PyTorch practice\ViT_Deepfake\data\fake_cifake_images\603.png,fake,train
F:\PyTorch practice\ViT_Deepfake\data\fake_cifake_images\270.png,fake,train
F:\PyTorch practice\ViT_Deepfake\data\fake_cifake_images\570.png,fake,train
F:\PyTorch practice\ViT_Deepfake\data\fake_cifake_images\85.png,fake,val
F:\PyTorch practice\ViT_Deepfake\data\fake_cifake_images\438.png,fake,train
F:\PyTorch practice\ViT_Deepfake\data\fake_cifake_images\275.png,fake,train
F:\PyTorch practice\ViT_Deepfake\data\real_cifake_images\971.png,real,train
F:\PyTorch practice\ViT_Deepfake\data\fake_cifake_images\837.png,fake,train
F:\PyTorch practice\ViT_Deepfake\data\fake_cifake_images\817.png,fake,train
F:\PyTorch practice\ViT_Deepfake\data\fake_cifake_images\773.png,fake,train
F:\PyTorch practice\ViT_Deepfake\data\fake_cifake_images\112.png,fake,train
F:\PyTorch practice\ViT_Deepfake\data\fake_cifake_images\395.png,fake,train
F:\PyTorch practice\ViT_Deepfake\data\fake_cifake_images\686.png,fake,train
F:\PyTorch practice\ViT_Deepfake\data\fake_cifake_images\606.png,fake,val
F:\PyTorch practice\ViT_Deepfake\data\fake_cifake_images\899.png,fake,train
F:\PyTorch practice\ViT_Deepfake\data\real_cifake_images\986.png,real,train
F:\PyTorch practice\ViT_Deepfake\data\fake_cifake_images\309.png,fake,train
F:\PyTorch practice\ViT_Deepfake\data\fake_cifake_images\456.png,fake,val
F:\PyTorch practice\ViT_Deepfake\data\fake_cifake_images\692.png,fake,train
F:\PyTorch practice\ViT_Deepfake\data\real_cifake_images\953.png,real,train
F:\PyTorch practice\ViT_Deepfake\data\fake_cifake_images\539.png,fake,train
F:\PyTorch practice\ViT_Deepfake\data\fake_cifake_images\121.png,fake,train
F:\PyTorch practice\ViT_Deepfake\data\fake_cifake_images\499.png,fake,val
F:\PyTorch practice\ViT_Deepfake\data\fake_cifake_images\220.png,fake,train
F:\PyTorch practice\ViT_Deepfake\data\fake_cifake_images\828.png,fake,train
F:\PyTorch practice\ViT_Deepfake\data\fake_cifake_images\365.png,fake,train
F:\PyTorch practice\ViT_Deepfake\data\fake_cifake_images\659.png,fake,val
F:\PyTorch practice\ViT_Deepfake\data\fake_cifake_images\382.png,fake,train
F:\PyTorch practice\ViT_Deepfake\data\fake_cifake_images\401.png,fake,train
F:\PyTorch practice\ViT_Deepfake\data\fake_cifake_images\213.png,fake,train
F:\PyTorch practice\ViT_Deepfake\data\fake_cifake_images\181.png,fake,train
F:\PyTorch practice\ViT_Deepfake\data\fake_cifake_images\794.png,fake,train
F:\PyTorch practice\ViT_Deepfake\data\fake_cifake_images\427.png,fake,train
F:\PyTorch practice\ViT_Deepfake\data\fake_cifake_images\845.png,fake,train
F:\PyTorch practice\ViT_Deepfake\data\fake_cifake_images\80.png,fake,train
F:\PyTorch practice\ViT_Deepfake\data\fake_cifake_images\801.png,fake,train
F:\PyTorch practice\ViT_Deepfake\data\fake_cifake_images\472.png,fake,train
F:\PyTorch practice\ViT_Deepfake\data\fake_cifake_images\236.png,fake,train
F:\PyTorch practice\ViT_Deepfake\data\fake_cifake_images\596.png,fake,train
F:\PyTorch practice\ViT_Deepfake\data\fake_cifake_images\668.png,fake,train
F:\PyTorch practice\ViT_Deepfake\data\fake_cifake_images\813.png,fake,val
F:\PyTorch practice\ViT_Deepfake\data\real_cifake_images\936.png,real,train
F:\PyTorch practice\ViT_Deepfake\data\fake_cifake_images\3.png,fake,val
F:\PyTorch practice\ViT_Deepfake\data\fake_cifake_images\411.png,fake,train
F:\PyTorch practice\ViT_Deepfake\data\fake_cifake_images\886.png,fake,val
F:\PyTorch practice\ViT_Deepfake\data\fake_cifake_images\448.png,fake,train
F:\PyTorch practice\ViT_Deepfake\data\fake_cifake_images\274.png,fake,train
F:\PyTorch practice\ViT_Deepfake\data\real_cifake_images\999.png,real,train
F:\PyTorch practice\ViT_Deepfake\data\fake_cifake_images\477.png,fake,train
F:\PyTorch practice\ViT_Deepfake\data\fake_cifake_images\36.png,fake,train
F:\PyTorch practice\ViT_Deepfake\data\fake_cifake_images\718.png,fake,train
F:\PyTorch practice\ViT_Deepfake\data\fake_cifake_images\574.png,fake,train
F:\PyTorch practice\ViT_Deepfake\data\fake_cifake_images\495.png,fake,train
F:\PyTorch practice\ViT_Deepfake\data\fake_cifake_images\740.png,fake,train
F:\PyTorch practice\ViT_Deepfake\data\fake_cifake_images\797.png,fake,train
F:\PyTorch practice\ViT_Deepfake\data\real_cifake_images\959.png,real,train
F:\PyTorch practice\ViT_Deepfake\data\fake_cifake_images\962.png,fake,train
F:\PyTorch practice\ViT_Deepfake\data\fake_cifake_images\412.png,fake,train
F:\PyTorch practice\ViT_Deepfake\data\fake_cifake_images\855.png,fake,val
F:\PyTorch practice\ViT_Deepfake\data\fake_cifake_images\602.png,fake,train
F:\PyTorch practice\ViT_Deepfake\data\fake_cifake_images\490.png,fake,train
F:\PyTorch practice\ViT_Deepfake\data\fake_cifake_images\889.png,fake,train
F:\PyTorch practice\ViT_Deepfake\data\fake_cifake_images\20.png,fake,train
F:\PyTorch practice\ViT_Deepfake\data\fake_cifake_images\648.png,fake,train
F:\PyTorch practice\ViT_Deepfake\data\fake_cifake_images\167.png,fake,train
F:\PyTorch practice\ViT_Deepfake\data\fake_cifake_images\630.png,fake,train
F:\PyTorch practice\ViT_Deepfake\data\fake_cifake_images\66.png,fake,train
F:\PyTorch practice\ViT_Deepfake\data\fake_cifake_images\755.png,fake,train
F:\PyTorch practice\ViT_Deepfake\data\fake_cifake_images\505.png,fake,train
F:\PyTorch practice\ViT_Deepfake\data\fake_cifake_images\142.png,fake,train
F:\PyTorch practice\ViT_Deepfake\data\fake_cifake_images\914.png,fake,train
F:\PyTorch practice\ViT_Deepfake\data\fake_cifake_images\259.png,fake,train
F:\PyTorch practice\ViT_Deepfake\data\fake_cifake_images\25.png,fake,train
F:\PyTorch practice\ViT_Deepfake\data\real_cifake_images\937.png,real,train
F:\PyTorch practice\ViT_Deepfake\data\fake_cifake_images\301.png,fake,train
F:\PyTorch practice\ViT_Deepfake\data\fake_cifake_images\277.png,fake,val
F:\PyTorch practice\ViT_Deepfake\data\real_cifake_images\960.png,real,train
F:\PyTorch practice\ViT_Deepfake\data\fake_cifake_images\392.png,fake,train
F:\PyTorch practice\ViT_Deepfake\data\fake_cifake_images\818.png,fake,train
F:\PyTorch practice\ViT_Deepfake\data\fake_cifake_images\858.png,fake,train
F:\PyTorch practice\ViT_Deepfake\data\fake_cifake_images\860.png,fake,train
F:\PyTorch practice\ViT_Deepfake\data\fake_cifake_images\627.png,fake,train
F:\PyTorch practice\ViT_Deepfake\data\real_cifake_images\996.png,real,train
F:\PyTorch practice\ViT_Deepfake\data\fake_cifake_images\619.png,fake,train
F:\PyTorch practice\ViT_Deepfake\data\fake_cifake_images\434.png,fake,train
F:\PyTorch practice\ViT_Deepfake\data\fake_cifake_images\555.png,fake,train
F:\PyTorch practice\ViT_Deepfake\data\fake_cifake_images\75.png,fake,train
F:\PyTorch practice\ViT_Deepfake\data\fake_cifake_images\864.png,fake,train
F:\PyTorch practice\ViT_Deepfake\data\fake_cifake_images\221.png,fake,train
F:\PyTorch practice\ViT_Deepfake\data\fake_cifake_images\223.png,fake,train
F:\PyTorch practice\ViT_Deepfake\data\real_cifake_images\991.png,real,train
F:\PyTorch practice\ViT_Deepfake\data\fake_cifake_images\733.png,fake,train
F:\PyTorch practice\ViT_Deepfake\data\fake_cifake_images\46.png,fake,train
F:\PyTorch practice\ViT_Deepfake\data\fake_cifake_images\622.png,fake,train
F:\PyTorch practice\ViT_Deepfake\data\fake_cifake_images\153.png,fake,train
F:\PyTorch practice\ViT_Deepfake\data\real_cifake_images\887.png,real,train
F:\PyTorch practice\ViT_Deepfake\data\real_cifake_images\987.png,real,train
F:\PyTorch practice\ViT_Deepfake\data\fake_cifake_images\211.png,fake,val
F:\PyTorch practice\ViT_Deepfake\data\fake_cifake_images\239.png,fake,val
F:\PyTorch practice\ViT_Deepfake\data\fake_cifake_images\271.png,fake,val
F:\PyTorch practice\ViT_Deepfake\data\fake_cifake_images\874.png,fake,train
F:\PyTorch practice\ViT_Deepfake\data\fake_cifake_images\506.png,fake,train
F:\PyTorch practice\ViT_Deepfake\data\fake_cifake_images\470.png,fake,train
F:\PyTorch practice\ViT_Deepfake\data\fake_cifake_images\652.png,fake,train
F:\PyTorch practice\ViT_Deepfake\data\fake_cifake_images\852.png,fake,train
F:\PyTorch practice\ViT_Deepfake\data\fake_cifake_images\524.png,fake,train
F:\PyTorch practice\ViT_Deepfake\data\fake_cifake_images\685.png,fake,train
F:\PyTorch practice\ViT_Deepfake\data\fake_cifake_images\323.png,fake,train
F:\PyTorch practice\ViT_Deepfake\data\fake_cifake_images\955.png,fake,train
F:\PyTorch practice\ViT_Deepfake\data\fake_cifake_images\727.png,fake,train
F:\PyTorch practice\ViT_Deepfake\data\real_cifake_images\896.png,real,val
F:\PyTorch practice\ViT_Deepfake\data\fake_cifake_images\335.png,fake,train
F:\PyTorch practice\ViT_Deepfake\data\fake_cifake_images\823.png,fake,train
F:\PyTorch practice\ViT_Deepfake\data\fake_cifake_images\32.png,fake,train
F:\PyTorch practice\ViT_Deepfake\data\fake_cifake_images\736.png,fake,train
F:\PyTorch practice\ViT_Deepfake\data\real_cifake_images\939.png,real,train
F:\PyTorch practice\ViT_Deepfake\data\fake_cifake_images\1.png,fake,train
F:\PyTorch practice\ViT_Deepfake\data\real_cifake_images\898.png,real,train
F:\PyTorch practice\ViT_Deepfake\data\fake_cifake_images\72.png,fake,train
F:\PyTorch practice\ViT_Deepfake\data\fake_cifake_images\113.png,fake,train
F:\PyTorch practice\ViT_Deepfake\data\real_cifake_images\894.png,real,train
F:\PyTorch practice\ViT_Deepfake\data\fake_cifake_images\129.png,fake,val
F:\PyTorch practice\ViT_Deepfake\data\fake_cifake_images\675.png,fake,val
F:\PyTorch practice\ViT_Deepfake\data\fake_cifake_images\809.png,fake,train
F:\PyTorch practice\ViT_Deepfake\data\fake_cifake_images\356.png,fake,train
F:\PyTorch practice\ViT_Deepfake\data\real_cifake_images\947.png,real,val
F:\PyTorch practice\ViT_Deepfake\data\fake_cifake_images\856.png,fake,train
F:\PyTorch practice\ViT_Deepfake\data\fake_cifake_images\865.png,fake,train
F:\PyTorch practice\ViT_Deepfake\data\fake_cifake_images\383.png,fake,train
F:\PyTorch practice\ViT_Deepfake\data\fake_cifake_images\982.png,fake,train
F:\PyTorch practice\ViT_Deepfake\data\real_cifake_images\912.png,real,train
F:\PyTorch practice\ViT_Deepfake\data\fake_cifake_images\394.png,fake,train
F:\PyTorch practice\ViT_Deepfake\data\fake_cifake_images\942.png,fake,train
F:\PyTorch practice\ViT_Deepfake\data\fake_cifake_images\713.png,fake,train
F:\PyTorch practice\ViT_Deepfake\data\fake_cifake_images\135.png,fake,val
F:\PyTorch practice\ViT_Deepfake\data\fake_cifake_images\375.png,fake,train
F:\PyTorch practice\ViT_Deepfake\data\fake_cifake_images\393.png,fake,train
F:\PyTorch practice\ViT_Deepfake\data\fake_cifake_images\264.png,fake,train
F:\PyTorch practice\ViT_Deepfake\data\fake_cifake_images\741.png,fake,train
F:\PyTorch practice\ViT_Deepfake\data\fake_cifake_images\284.png,fake,train
F:\PyTorch practice\ViT_Deepfake\data\fake_cifake_images\642.png,fake,train
F:\PyTorch practice\ViT_Deepfake\data\fake_cifake_images\885.png,fake,train
F:\PyTorch practice\ViT_Deepfake\data\fake_cifake_images\278.png,fake,train
F:\PyTorch practice\ViT_Deepfake\data\fake_cifake_images\777.png,fake,train
F:\PyTorch practice\ViT_Deepfake\data\fake_cifake_images\485.png,fake,train
F:\PyTorch practice\ViT_Deepfake\data\fake_cifake_images\750.png,fake,train
F:\PyTorch practice\ViT_Deepfake\data\fake_cifake_images\986.png,fake,train
F:\PyTorch practice\ViT_Deepfake\data\real_cifake_images\951.png,real,train
F:\PyTorch practice\ViT_Deepfake\data\fake_cifake_images\373.png,fake,train
F:\PyTorch practice\ViT_Deepfake\data\real_cifake_images\955.png,real,train
F:\PyTorch practice\ViT_Deepfake\data\fake_cifake_images\228.png,fake,val
F:\PyTorch practice\ViT_Deepfake\data\fake_cifake_images\460.png,fake,train
F:\PyTorch practice\ViT_Deepfake\data\fake_cifake_images\644.png,fake,train
F:\PyTorch practice\ViT_Deepfake\data\fake_cifake_images\440.png,fake,train
F:\PyTorch practice\ViT_Deepfake\data\fake_cifake_images\44.png,fake,train
F:\PyTorch practice\ViT_Deepfake\data\fake_cifake_images\700.png,fake,train
F:\PyTorch practice\ViT_Deepfake\data\fake_cifake_images\295.png,fake,train
F:\PyTorch practice\ViT_Deepfake\data\fake_cifake_images\662.png,fake,train
F:\PyTorch practice\ViT_Deepfake\data\fake_cifake_images\871.png,fake,train
F:\PyTorch practice\ViT_Deepfake\data\fake_cifake_images\350.png,fake,train
F:\PyTorch practice\ViT_Deepfake\data\fake_cifake_images\673.png,fake,train
F:\PyTorch practice\ViT_Deepfake\data\fake_cifake_images\701.png,fake,train
F:\PyTorch practice\ViT_Deepfake\data\fake_cifake_images\680.png,fake,train
F:\PyTorch practice\ViT_Deepfake\data\fake_cifake_images\677.png,fake,train
F:\PyTorch practice\ViT_Deepfake\data\fake_cifake_images\288.png,fake,train
F:\PyTorch practice\ViT_Deepfake\data\fake_cifake_images\763.png,fake,train
F:\PyTorch practice\ViT_Deepfake\data\fake_cifake_images\589.png,fake,train
F:\PyTorch practice\ViT_Deepfake\data\fake_cifake_images\245.png,fake,train
F:\PyTorch practice\ViT_Deepfake\data\fake_cifake_images\158.png,fake,train
F:\PyTorch practice\ViT_Deepfake\data\fake_cifake_images\569.png,fake,train
F:\PyTorch practice\ViT_Deepfake\data\fake_cifake_images\590.png,fake,train
F:\PyTorch practice\ViT_Deepfake\data\fake_cifake_images\418.png,fake,train
F:\PyTorch practice\ViT_Deepfake\data\fake_cifake_images\483.png,fake,train
F:\PyTorch practice\ViT_Deepfake\data\fake_cifake_images\349.png,fake,train
F:\PyTorch practice\ViT_Deepfake\data\fake_cifake_images\963.png,fake,train
F:\PyTorch practice\ViT_Deepfake\data\fake_cifake_images\771.png,fake,train
F:\PyTorch practice\ViT_Deepfake\data\fake_cifake_images\873.png,fake,train
F:\PyTorch practice\ViT_Deepfake\data\fake_cifake_images\839.png,fake,val
F:\PyTorch practice\ViT_Deepfake\data\fake_cifake_images\698.png,fake,train
F:\PyTorch practice\ViT_Deepfake\data\fake_cifake_images\782.png,fake,train
F:\PyTorch practice\ViT_Deepfake\data\fake_cifake_images\168.png,fake,train
F:\PyTorch practice\ViT_Deepfake\data\fake_cifake_images\252.png,fake,val
F:\PyTorch practice\ViT_Deepfake\data\real_cifake_images\900.png,real,train
F:\PyTorch practice\ViT_Deepfake\data\fake_cifake_images\625.png,fake,train
F:\PyTorch practice\ViT_Deepfake\data\fake_cifake_images\624.png,fake,train
F:\PyTorch practice\ViT_Deepfake\data\fake_cifake_images\106.png,fake,train
F:\PyTorch practice\ViT_Deepfake\data\fake_cifake_images\15.png,fake,train
F:\PyTorch practice\ViT_Deepfake\data\fake_cifake_images\971.png,fake,train
F:\PyTorch practice\ViT_Deepfake\data\fake_cifake_images\423.png,fake,train
F:\PyTorch practice\ViT_Deepfake\data\fake_cifake_images\888.png,fake,train
F:\PyTorch practice\ViT_Deepfake\data\fake_cifake_images\143.png,fake,train
F:\PyTorch practice\ViT_Deepfake\data\fake_cifake_images\769.png,fake,train
F:\PyTorch practice\ViT_Deepfake\data\fake_cifake_images\803.png,fake,train
F:\PyTorch practice\ViT_Deepfake\data\fake_cifake_images\967.png,fake,train
F:\PyTorch practice\ViT_Deepfake\data\fake_cifake_images\862.png,fake,val
F:\PyTorch practice\ViT_Deepfake\data\real_cifake_images\916.png,real,train
F:\PyTorch practice\ViT_Deepfake\data\fake_cifake_images\104.png,fake,train
F:\PyTorch practice\ViT_Deepfake\data\fake_cifake_images\289.png,fake,train
F:\PyTorch practice\ViT_Deepfake\data\fake_cifake_images\518.png,fake,train
F:\PyTorch practice\ViT_Deepfake\data\real_cifake_images\977.png,real,train
F:\PyTorch practice\ViT_Deepfake\data\fake_cifake_images\89.png,fake,train
F:\PyTorch practice\ViT_Deepfake\data\fake_cifake_images\882.png,fake,train
F:\PyTorch practice\ViT_Deepfake\data\fake_cifake_images\30.png,fake,train
F:\PyTorch practice\ViT_Deepfake\data\fake_cifake_images\601.png,fake,train
F:\PyTorch practice\ViT_Deepfake\data\fake_cifake_images\310.png,fake,train
F:\PyTorch practice\ViT_Deepfake\data\fake_cifake_images\62.png,fake,train
F:\PyTorch practice\ViT_Deepfake\data\fake_cifake_images\215.png,fake,val
F:\PyTorch practice\ViT_Deepfake\data\fake_cifake_images\980.png,fake,train
F:\PyTorch practice\ViT_Deepfake\data\fake_cifake_images\806.png,fake,train
F:\PyTorch practice\ViT_Deepfake\data\fake_cifake_images\97.png,fake,train
F:\PyTorch practice\ViT_Deepfake\data\fake_cifake_images\719.png,fake,train
F:\PyTorch practice\ViT_Deepfake\data\fake_cifake_images\415.png,fake,train
F:\PyTorch practice\ViT_Deepfake\data\fake_cifake_images\341.png,fake,train
F:\PyTorch practice\ViT_Deepfake\data\real_cifake_images\879.png,real,train
F:\PyTorch practice\ViT_Deepfake\data\fake_cifake_images\684.png,fake,train
F:\PyTorch practice\ViT_Deepfake\data\fake_cifake_images\6.png,fake,train
F:\PyTorch practice\ViT_Deepfake\data\fake_cifake_images\739.png,fake,train
F:\PyTorch practice\ViT_Deepfake\data\fake_cifake_images\972.png,fake,train
F:\PyTorch practice\ViT_Deepfake\data\fake_cifake_images\467.png,fake,train
F:\PyTorch practice\ViT_Deepfake\data\fake_cifake_images\870.png,fake,val
F:\PyTorch practice\ViT_Deepfake\data\fake_cifake_images\999.png,fake,train
F:\PyTorch practice\ViT_Deepfake\data\fake_cifake_images\812.png,fake,train
F:\PyTorch practice\ViT_Deepfake\data\real_cifake_images\958.png,real,train
F:\PyTorch practice\ViT_Deepfake\data\fake_cifake_images\599.png,fake,train
F:\PyTorch practice\ViT_Deepfake\data\fake_cifake_images\595.png,fake,train
F:\PyTorch practice\ViT_Deepfake\data\fake_cifake_images\154.png,fake,train
F:\PyTorch practice\ViT_Deepfake\data\fake_cifake_images\366.png,fake,train
F:\PyTorch practice\ViT_Deepfake\data\fake_cifake_images\70.png,fake,val
F:\PyTorch practice\ViT_Deepfake\data\fake_cifake_images\203.png,fake,train
F:\PyTorch practice\ViT_Deepfake\data\fake_cifake_images\307.png,fake,train
F:\PyTorch practice\ViT_Deepfake\data\fake_cifake_images\848.png,fake,train
F:\PyTorch practice\ViT_Deepfake\data\real_cifake_images\851.png,real,train
F:\PyTorch practice\ViT_Deepfake\data\fake_cifake_images\378.png,fake,train
F:\PyTorch practice\ViT_Deepfake\data\fake_cifake_images\250.png,fake,train
F:\PyTorch practice\ViT_Deepfake\data\fake_cifake_images\937.png,fake,val
F:\PyTorch practice\ViT_Deepfake\data\fake_cifake_images\204.png,fake,train
F:\PyTorch practice\ViT_Deepfake\data\fake_cifake_images\511.png,fake,train
F:\PyTorch practice\ViT_Deepfake\data\fake_cifake_images\457.png,fake,train
F:\PyTorch practice\ViT_Deepfake\data\fake_cifake_images\565.png,fake,train
F:\PyTorch practice\ViT_Deepfake\data\real_cifake_images\870.png,real,train
F:\PyTorch practice\ViT_Deepfake\data\fake_cifake_images\476.png,fake,train
F:\PyTorch practice\ViT_Deepfake\data\fake_cifake_images\836.png,fake,val
F:\PyTorch practice\ViT_Deepfake\data\fake_cifake_images\442.png,fake,train
F:\PyTorch practice\ViT_Deepfake\data\fake_cifake_images\815.png,fake,train
F:\PyTorch practice\ViT_Deepfake\data\real_cifake_images\935.png,real,train
F:\PyTorch practice\ViT_Deepfake\data\fake_cifake_images\403.png,fake,train
F:\PyTorch practice\ViT_Deepfake\data\fake_cifake_images\556.png,fake,train
F:\PyTorch practice\ViT_Deepfake\data\fake_cifake_images\571.png,fake,train
F:\PyTorch practice\ViT_Deepfake\data\fake_cifake_images\369.png,fake,train
F:\PyTorch practice\ViT_Deepfake\data\fake_cifake_images\705.png,fake,val
F:\PyTorch practice\ViT_Deepfake\data\real_cifake_images\919.png,real,train
F:\PyTorch practice\ViT_Deepfake\data\real_cifake_images\995.png,real,train
F:\PyTorch practice\ViT_Deepfake\data\fake_cifake_images\26.png,fake,train
F:\PyTorch practice\ViT_Deepfake\data\fake_cifake_images\936.png,fake,train
F:\PyTorch practice\ViT_Deepfake\data\fake_cifake_images\248.png,fake,train
F:\PyTorch practice\ViT_Deepfake\data\real_cifake_images\984.png,real,train
F:\PyTorch practice\ViT_Deepfake\data\fake_cifake_images\984.png,fake,train
F:\PyTorch practice\ViT_Deepfake\data\fake_cifake_images\694.png,fake,val
F:\PyTorch practice\ViT_Deepfake\data\fake_cifake_images\543.png,fake,train
F:\PyTorch practice\ViT_Deepfake\data\fake_cifake_images\488.png,fake,train
F:\PyTorch practice\ViT_Deepfake\data\fake_cifake_images\916.png,fake,train
F:\PyTorch practice\ViT_Deepfake\data\fake_cifake_images\180.png,fake,val
F:\PyTorch practice\ViT_Deepfake\data\fake_cifake_images\90.png,fake,train
F:\PyTorch practice\ViT_Deepfake\data\real_cifake_images\877.png,real,train
F:\PyTorch practice\ViT_Deepfake\data\real_cifake_images\952.png,real,train
F:\PyTorch practice\ViT_Deepfake\data\real_cifake_images\857.png,real,train
F:\PyTorch practice\ViT_Deepfake\data\fake_cifake_images\55.png,fake,val
F:\PyTorch practice\ViT_Deepfake\data\fake_cifake_images\708.png,fake,train
F:\PyTorch practice\ViT_Deepfake\data\fake_cifake_images\703.png,fake,train
F:\PyTorch practice\ViT_Deepfake\data\fake_cifake_images\632.png,fake,train
F:\PyTorch practice\ViT_Deepfake\data\fake_cifake_images\990.png,fake,train
F:\PyTorch practice\ViT_Deepfake\data\fake_cifake_images\623.png,fake,val
F:\PyTorch practice\ViT_Deepfake\data\fake_cifake_images\417.png,fake,train
F:\PyTorch practice\ViT_Deepfake\data\fake_cifake_images\853.png,fake,train
F:\PyTorch practice\ViT_Deepfake\data\real_cifake_images\902.png,real,train
F:\PyTorch practice\ViT_Deepfake\data\fake_cifake_images\744.png,fake,train
F:\PyTorch practice\ViT_Deepfake\data\fake_cifake_images\900.png,fake,train
F:\PyTorch practice\ViT_Deepfake\data\fake_cifake_images\291.png,fake,train
F:\PyTorch practice\ViT_Deepfake\data\fake_cifake_images\923.png,fake,train
F:\PyTorch practice\ViT_Deepfake\data\fake_cifake_images\821.png,fake,train
F:\PyTorch practice\ViT_Deepfake\data\fake_cifake_images\974.png,fake,train
F:\PyTorch practice\ViT_Deepfake\data\fake_cifake_images\276.png,fake,train
F:\PyTorch practice\ViT_Deepfake\data\real_cifake_images\890.png,real,train
F:\PyTorch practice\ViT_Deepfake\data\fake_cifake_images\189.png,fake,val
F:\PyTorch practice\ViT_Deepfake\data\fake_cifake_images\327.png,fake,train
F:\PyTorch practice\ViT_Deepfake\data\fake_cifake_images\784.png,fake,train
F:\PyTorch practice\ViT_Deepfake\data\fake_cifake_images\792.png,fake,train
F:\PyTorch practice\ViT_Deepfake\data\fake_cifake_images\902.png,fake,train
F:\PyTorch practice\ViT_Deepfake\data\fake_cifake_images\326.png,fake,train
F:\PyTorch practice\ViT_Deepfake\data\fake_cifake_images\890.png,fake,train
F:\PyTorch practice\ViT_Deepfake\data\fake_cifake_images\347.png,fake,train
F:\PyTorch practice\ViT_Deepfake\data\real_cifake_images\925.png,real,train
F:\PyTorch practice\ViT_Deepfake\data\fake_cifake_images\364.png,fake,train
F:\PyTorch practice\ViT_Deepfake\data\real_cifake_images\888.png,real,train
F:\PyTorch practice\ViT_Deepfake\data\fake_cifake_images\303.png,fake,train
F:\PyTorch practice\ViT_Deepfake\data\fake_cifake_images\827.png,fake,train
F:\PyTorch practice\ViT_Deepfake\data\fake_cifake_images\961.png,fake,train
F:\PyTorch practice\ViT_Deepfake\data\fake_cifake_images\957.png,fake,train
F:\PyTorch practice\ViT_Deepfake\data\fake_cifake_images\385.png,fake,train
F:\PyTorch practice\ViT_Deepfake\data\fake_cifake_images\117.png,fake,val
F:\PyTorch practice\ViT_Deepfake\data\fake_cifake_images\455.png,fake,train
F:\PyTorch practice\ViT_Deepfake\data\fake_cifake_images\838.png,fake,train
F:\PyTorch practice\ViT_Deepfake\data\fake_cifake_images\233.png,fake,train
F:\PyTorch practice\ViT_Deepfake\data\fake_cifake_images\13.png,fake,train
F:\PyTorch practice\ViT_Deepfake\data\real_cifake_images\956.png,real,train
F:\PyTorch practice\ViT_Deepfake\data\fake_cifake_images\789.png,fake,train
F:\PyTorch practice\ViT_Deepfake\data\real_cifake_images\998.png,real,val
F:\PyTorch practice\ViT_Deepfake\data\fake_cifake_images\458.png,fake,train
F:\PyTorch practice\ViT_Deepfake\data\fake_cifake_images\638.png,fake,train
F:\PyTorch practice\ViT_Deepfake\data\fake_cifake_images\826.png,fake,val
F:\PyTorch practice\ViT_Deepfake\data\fake_cifake_images\842.png,fake,train
F:\PyTorch practice\ViT_Deepfake\data\fake_cifake_images\324.png,fake,train
F:\PyTorch practice\ViT_Deepfake\data\fake_cifake_images\425.png,fake,train
F:\PyTorch practice\ViT_Deepfake\data\fake_cifake_images\573.png,fake,train
F:\PyTorch practice\ViT_Deepfake\data\fake_cifake_images\800.png,fake,train
F:\PyTorch practice\ViT_Deepfake\data\fake_cifake_images\212.png,fake,train
F:\PyTorch practice\ViT_Deepfake\data\fake_cifake_images\109.png,fake,train
F:\PyTorch practice\ViT_Deepfake\data\fake_cifake_images\831.png,fake,train
F:\PyTorch practice\ViT_Deepfake\data\fake_cifake_images\166.png,fake,train
F:\PyTorch practice\ViT_Deepfake\data\fake_cifake_images\130.png,fake,train
F:\PyTorch practice\ViT_Deepfake\data\fake_cifake_images\368.png,fake,train
F:\PyTorch practice\ViT_Deepfake\data\fake_cifake_images\469.png,fake,train
F:\PyTorch practice\ViT_Deepfake\data\fake_cifake_images\445.png,fake,train
F:\PyTorch practice\ViT_Deepfake\data\fake_cifake_images\334.png,fake,train
F:\PyTorch practice\ViT_Deepfake\data\fake_cifake_images\241.png,fake,train
F:\PyTorch practice\ViT_Deepfake\data\fake_cifake_images\691.png,fake,train
F:\PyTorch practice\ViT_Deepfake\data\fake_cifake_images\859.png,fake,val
F:\PyTorch practice\ViT_Deepfake\data\fake_cifake_images\956.png,fake,train
F:\PyTorch practice\ViT_Deepfake\data\fake_cifake_images\508.png,fake,train
F:\PyTorch practice\ViT_Deepfake\data\fake_cifake_images\793.png,fake,val
F:\PyTorch practice\ViT_Deepfake\data\fake_cifake_images\320.png,fake,train
F:\PyTorch practice\ViT_Deepfake\data\fake_cifake_images\160.png,fake,val
F:\PyTorch practice\ViT_Deepfake\data\fake_cifake_images\87.png,fake,train
F:\PyTorch practice\ViT_Deepfake\data\fake_cifake_images\751.png,fake,val
F:\PyTorch practice\ViT_Deepfake\data\fake_cifake_images\201.png,fake,train
F:\PyTorch practice\ViT_Deepfake\data\fake_cifake_images\474.png,fake,val
F:\PyTorch practice\ViT_Deepfake\data\fake_cifake_images\198.png,fake,train
F:\PyTorch practice\ViT_Deepfake\data\fake_cifake_images\883.png,fake,train
F:\PyTorch practice\ViT_Deepfake\data\fake_cifake_images\704.png,fake,train
F:\PyTorch practice\ViT_Deepfake\data\fake_cifake_images\672.png,fake,train
F:\PyTorch practice\ViT_Deepfake\data\fake_cifake_images\985.png,fake,train
F:\PyTorch practice\ViT_Deepfake\data\fake_cifake_images\244.png,fake,train
F:\PyTorch practice\ViT_Deepfake\data\fake_cifake_images\545.png,fake,train
F:\PyTorch practice\ViT_Deepfake\data\fake_cifake_images\391.png,fake,train
F:\PyTorch practice\ViT_Deepfake\data\fake_cifake_images\200.png,fake,val
F:\PyTorch practice\ViT_Deepfake\data\fake_cifake_images\645.png,fake,train
F:\PyTorch practice\ViT_Deepfake\data\fake_cifake_images\605.png,fake,train
F:\PyTorch practice\ViT_Deepfake\data\fake_cifake_images\318.png,fake,train
F:\PyTorch practice\ViT_Deepfake\data\fake_cifake_images\360.png,fake,train
F:\PyTorch practice\ViT_Deepfake\data\real_cifake_images\914.png,real,train
F:\PyTorch practice\ViT_Deepfake\data\fake_cifake_images\814.png,fake,train
F:\PyTorch practice\ViT_Deepfake\data\fake_cifake_images\647.png,fake,train
F:\PyTorch practice\ViT_Deepfake\data\fake_cifake_images\134.png,fake,train
F:\PyTorch practice\ViT_Deepfake\data\fake_cifake_images\877.png,fake,train
F:\PyTorch practice\ViT_Deepfake\data\fake_cifake_images\738.png,fake,val
F:\PyTorch practice\ViT_Deepfake\data\fake_cifake_images\620.png,fake,train
F:\PyTorch practice\ViT_Deepfake\data\fake_cifake_images\149.png,fake,train
F:\PyTorch practice\ViT_Deepfake\data\fake_cifake_images\131.png,fake,train
F:\PyTorch practice\ViT_Deepfake\data\fake_cifake_images\123.png,fake,train
F:\PyTorch practice\ViT_Deepfake\data\fake_cifake_images\77.png,fake,train
F:\PyTorch practice\ViT_Deepfake\data\fake_cifake_images\532.png,fake,train
F:\PyTorch practice\ViT_Deepfake\data\fake_cifake_images\102.png,fake,train
F:\PyTorch practice\ViT_Deepfake\data\fake_cifake_images\997.png,fake,val
F:\PyTorch practice\ViT_Deepfake\data\fake_cifake_images\748.png,fake,train
F:\PyTorch practice\ViT_Deepfake\data\fake_cifake_images\909.png,fake,train
F:\PyTorch practice\ViT_Deepfake\data\fake_cifake_images\592.png,fake,val
F:\PyTorch practice\ViT_Deepfake\data\fake_cifake_images\857.png,fake,train
F:\PyTorch practice\ViT_Deepfake\data\fake_cifake_images\76.png,fake,val
F:\PyTorch practice\ViT_Deepfake\data\fake_cifake_images\761.png,fake,train
F:\PyTorch practice\ViT_Deepfake\data\fake_cifake_images\48.png,fake,train
F:\PyTorch practice\ViT_Deepfake\data\fake_cifake_images\693.png,fake,train
F:\PyTorch practice\ViT_Deepfake\data\fake_cifake_images\846.png,fake,train
F:\PyTorch practice\ViT_Deepfake\data\real_cifake_images\974.png,real,train
F:\PyTorch practice\ViT_Deepfake\data\fake_cifake_images\709.png,fake,train
F:\PyTorch practice\ViT_Deepfake\data\fake_cifake_images\903.png,fake,train
F:\PyTorch practice\ViT_Deepfake\data\real_cifake_images\950.png,real,train
F:\PyTorch practice\ViT_Deepfake\data\fake_cifake_images\124.png,fake,train
F:\PyTorch practice\ViT_Deepfake\data\fake_cifake_images\108.png,fake,train
F:\PyTorch practice\ViT_Deepfake\data\fake_cifake_images\190.png,fake,train
F:\PyTorch practice\ViT_Deepfake\data\fake_cifake_images\159.png,fake,train
F:\PyTorch practice\ViT_Deepfake\data\fake_cifake_images\43.png,fake,train
F:\PyTorch practice\ViT_Deepfake\data\fake_cifake_images\689.png,fake,train
F:\PyTorch practice\ViT_Deepfake\data\fake_cifake_images\297.png,fake,train
F:\PyTorch practice\ViT_Deepfake\data\fake_cifake_images\18.png,fake,train
F:\PyTorch practice\ViT_Deepfake\data\fake_cifake_images\148.png,fake,train
F:\PyTorch practice\ViT_Deepfake\data\fake_cifake_images\267.png,fake,train
F:\PyTorch practice\ViT_Deepfake\data\fake_cifake_images\993.png,fake,train
F:\PyTorch practice\ViT_Deepfake\data\real_cifake_images\874.png,real,train
F:\PyTorch practice\ViT_Deepfake\data\fake_cifake_images\315.png,fake,train
F:\PyTorch practice\ViT_Deepfake\data\fake_cifake_images\450.png,fake,val
F:\PyTorch practice\ViT_Deepfake\data\fake_cifake_images\372.png,fake,val
F:\PyTorch practice\ViT_Deepfake\data\fake_cifake_images\970.png,fake,train
F:\PyTorch practice\ViT_Deepfake\data\fake_cifake_images\983.png,fake,train
F:\PyTorch practice\ViT_Deepfake\data\real_cifake_images\966.png,real,train
F:\PyTorch practice\ViT_Deepfake\data\fake_cifake_images\468.png,fake,train
F:\PyTorch practice\ViT_Deepfake\data\fake_cifake_images\613.png,fake,val
F:\PyTorch practice\ViT_Deepfake\data\fake_cifake_images\840.png,fake,train
F:\PyTorch practice\ViT_Deepfake\data\fake_cifake_images\968.png,fake,train
F:\PyTorch practice\ViT_Deepfake\data\fake_cifake_images\939.png,fake,train
F:\PyTorch practice\ViT_Deepfake\data\fake_cifake_images\60.png,fake,train
F:\PyTorch practice\ViT_Deepfake\data\fake_cifake_images\10.png,fake,train
F:\PyTorch practice\ViT_Deepfake\data\fake_cifake_images\731.png,fake,train
F:\PyTorch practice\ViT_Deepfake\data\fake_cifake_images\285.png,fake,train
F:\PyTorch practice\ViT_Deepfake\data\fake_cifake_images\841.png,fake,train
F:\PyTorch practice\ViT_Deepfake\data\fake_cifake_images\879.png,fake,train
F:\PyTorch practice\ViT_Deepfake\data\fake_cifake_images\329.png,fake,train
F:\PyTorch practice\ViT_Deepfake\data\fake_cifake_images\498.png,fake,train
F:\PyTorch practice\ViT_Deepfake\data\fake_cifake_images\78.png,fake,train
F:\PyTorch practice\ViT_Deepfake\data\fake_cifake_images\820.png,fake,train
F:\PyTorch practice\ViT_Deepfake\data\fake_cifake_images\938.png,fake,train
F:\PyTorch practice\ViT_Deepfake\data\fake_cifake_images\530.png,fake,train
F:\PyTorch practice\ViT_Deepfake\data\fake_cifake_images\1000.png,fake,train
F:\PyTorch practice\ViT_Deepfake\data\fake_cifake_images\343.png,fake,train
F:\PyTorch practice\ViT_Deepfake\data\fake_cifake_images\593.png,fake,train
F:\PyTorch practice\ViT_Deepfake\data\fake_cifake_images\905.png,fake,val
F:\PyTorch practice\ViT_Deepfake\data\fake_cifake_images\894.png,fake,train
F:\PyTorch practice\ViT_Deepfake\data\fake_cifake_images\891.png,fake,train
F:\PyTorch practice\ViT_Deepfake\data\fake_cifake_images\304.png,fake,train
F:\PyTorch practice\ViT_Deepfake\data\fake_cifake_images\111.png,fake,train
F:\PyTorch practice\ViT_Deepfake\data\fake_cifake_images\594.png,fake,train
F:\PyTorch practice\ViT_Deepfake\data\fake_cifake_images\519.png,fake,train
F:\PyTorch practice\ViT_Deepfake\data\real_cifake_images\954.png,real,train
F:\PyTorch practice\ViT_Deepfake\data\fake_cifake_images\29.png,fake,train
F:\PyTorch practice\ViT_Deepfake\data\fake_cifake_images\12.png,fake,train
F:\PyTorch practice\ViT_Deepfake\data\fake_cifake_images\951.png,fake,train
F:\PyTorch practice\ViT_Deepfake\data\fake_cifake_images\588.png,fake,val
F:\PyTorch practice\ViT_Deepfake\data\fake_cifake_images\768.png,fake,train
F:\PyTorch practice\ViT_Deepfake\data\fake_cifake_images\920.png,fake,train
F:\PyTorch practice\ViT_Deepfake\data\fake_cifake_images\214.png,fake,train
F:\PyTorch practice\ViT_Deepfake\data\fake_cifake_images\99.png,fake,train
F:\PyTorch practice\ViT_Deepfake\data\fake_cifake_images\338.png,fake,train
F:\PyTorch practice\ViT_Deepfake\data\fake_cifake_images\607.png,fake,train
F:\PyTorch practice\ViT_Deepfake\data\fake_cifake_images\497.png,fake,train
F:\PyTorch practice\ViT_Deepfake\data\real_cifake_images\967.png,real,val
F:\PyTorch practice\ViT_Deepfake\data\fake_cifake_images\286.png,fake,train
F:\PyTorch practice\ViT_Deepfake\data\real_cifake_images\938.png,real,train
F:\PyTorch practice\ViT_Deepfake\data\fake_cifake_images\290.png,fake,train
F:\PyTorch practice\ViT_Deepfake\data\fake_cifake_images\579.png,fake,val
F:\PyTorch practice\ViT_Deepfake\data\fake_cifake_images\868.png,fake,train
F:\PyTorch practice\ViT_Deepfake\data\fake_cifake_images\71.png,fake,train
F:\PyTorch practice\ViT_Deepfake\data\real_cifake_images\924.png,real,val
F:\PyTorch practice\ViT_Deepfake\data\fake_cifake_images\533.png,fake,train
F:\PyTorch practice\ViT_Deepfake\data\fake_cifake_images\911.png,fake,train
F:\PyTorch practice\ViT_Deepfake\data\fake_cifake_images\294.png,fake,val
F:\PyTorch practice\ViT_Deepfake\data\fake_cifake_images\697.png,fake,train
F:\PyTorch practice\ViT_Deepfake\data\fake_cifake_images\952.png,fake,train
F:\PyTorch practice\ViT_Deepfake\data\fake_cifake_images\339.png,fake,train
F:\PyTorch practice\ViT_Deepfake\data\fake_cifake_images\242.png,fake,train
F:\PyTorch practice\ViT_Deepfake\data\fake_cifake_images\325.png,fake,train
F:\PyTorch practice\ViT_Deepfake\data\fake_cifake_images\317.png,fake,train
F:\PyTorch practice\ViT_Deepfake\data\fake_cifake_images\128.png,fake,train
F:\PyTorch practice\ViT_Deepfake\data\fake_cifake_images\544.png,fake,train
F:\PyTorch practice\ViT_Deepfake\data\fake_cifake_images\464.png,fake,train
F:\PyTorch practice\ViT_Deepfake\data\fake_cifake_images\465.png,fake,train
F:\PyTorch practice\ViT_Deepfake\data\fake_cifake_images\387.png,fake,train
F:\PyTorch practice\ViT_Deepfake\data\fake_cifake_images\386.png,fake,train
F:\PyTorch practice\ViT_Deepfake\data\fake_cifake_images\634.png,fake,val
F:\PyTorch practice\ViT_Deepfake\data\fake_cifake_images\21.png,fake,train
F:\PyTorch practice\ViT_Deepfake\data\real_cifake_images\903.png,real,train
F:\PyTorch practice\ViT_Deepfake\data\fake_cifake_images\140.png,fake,train
F:\PyTorch practice\ViT_Deepfake\data\fake_cifake_images\578.png,fake,train
F:\PyTorch practice\ViT_Deepfake\data\fake_cifake_images\447.png,fake,train
F:\PyTorch practice\ViT_Deepfake\data\fake_cifake_images\935.png,fake,train
F:\PyTorch practice\ViT_Deepfake\data\fake_cifake_images\640.png,fake,train
F:\PyTorch practice\ViT_Deepfake\data\fake_cifake_images\922.png,fake,train
F:\PyTorch practice\ViT_Deepfake\data\fake_cifake_images\754.png,fake,train
F:\PyTorch practice\ViT_Deepfake\data\fake_cifake_images\810.png,fake,train
F:\PyTorch practice\ViT_Deepfake\data\fake_cifake_images\73.png,fake,train
F:\PyTorch practice\ViT_Deepfake\data\fake_cifake_images\901.png,fake,train
F:\PyTorch practice\ViT_Deepfake\data\fake_cifake_images\398.png,fake,train
F:\PyTorch practice\ViT_Deepfake\data\real_cifake_images\934.png,real,train
F:\PyTorch practice\ViT_Deepfake\data\fake_cifake_images\872.png,fake,train
F:\PyTorch practice\ViT_Deepfake\data\fake_cifake_images\444.png,fake,train
F:\PyTorch practice\ViT_Deepfake\data\fake_cifake_images\420.png,fake,train
F:\PyTorch practice\ViT_Deepfake\data\fake_cifake_images\54.png,fake,train
F:\PyTorch practice\ViT_Deepfake\data\fake_cifake_images\279.png,fake,train
F:\PyTorch practice\ViT_Deepfake\data\fake_cifake_images\155.png,fake,train
F:\PyTorch practice\ViT_Deepfake\data\fake_cifake_images\583.png,fake,train
F:\PyTorch practice\ViT_Deepfake\data\fake_cifake_images\509.png,fake,train
F:\PyTorch practice\ViT_Deepfake\data\fake_cifake_images\925.png,fake,train
F:\PyTorch practice\ViT_Deepfake\data\fake_cifake_images\82.png,fake,train
F:\PyTorch practice\ViT_Deepfake\data\fake_cifake_images\397.png,fake,train
F:\PyTorch practice\ViT_Deepfake\data\fake_cifake_images\924.png,fake,train
F:\PyTorch practice\ViT_Deepfake\data\fake_cifake_images\808.png,fake,train
F:\PyTorch practice\ViT_Deepfake\data\fake_cifake_images\663.png,fake,train
F:\PyTorch practice\ViT_Deepfake\data\fake_cifake_images\913.png,fake,train
F:\PyTorch practice\ViT_Deepfake\data\fake_cifake_images\493.png,fake,val
F:\PyTorch practice\ViT_Deepfake\data\fake_cifake_images\517.png,fake,train
F:\PyTorch practice\ViT_Deepfake\data\fake_cifake_images\408.png,fake,train
F:\PyTorch practice\ViT_Deepfake\data\fake_cifake_images\336.png,fake,train
F:\PyTorch practice\ViT_Deepfake\data\fake_cifake_images\861.png,fake,train
F:\PyTorch practice\ViT_Deepfake\data\fake_cifake_images\53.png,fake,train
F:\PyTorch practice\ViT_Deepfake\data\fake_cifake_images\549.png,fake,train
F:\PyTorch practice\ViT_Deepfake\data\real_cifake_images\963.png,real,train
F:\PyTorch practice\ViT_Deepfake\data\fake_cifake_images\770.png,fake,train
F:\PyTorch practice\ViT_Deepfake\data\fake_cifake_images\875.png,fake,train
F:\PyTorch practice\ViT_Deepfake\data\fake_cifake_images\577.png,fake,train
F:\PyTorch practice\ViT_Deepfake\data\real_cifake_images\949.png,real,train
F:\PyTorch practice\ViT_Deepfake\data\fake_cifake_images\992.png,fake,val
F:\PyTorch practice\ViT_Deepfake\data\fake_cifake_images\749.png,fake,train
F:\PyTorch practice\ViT_Deepfake\data\fake_cifake_images\321.png,fake,train
F:\PyTorch practice\ViT_Deepfake\data\real_cifake_images\929.png,real,train
F:\PyTorch practice\ViT_Deepfake\data\fake_cifake_images\933.png,fake,train
F:\PyTorch practice\ViT_Deepfake\data\fake_cifake_images\399.png,fake,train
F:\PyTorch practice\ViT_Deepfake\data\fake_cifake_images\407.png,fake,train
F:\PyTorch practice\ViT_Deepfake\data\fake_cifake_images\268.png,fake,train
F:\PyTorch practice\ViT_Deepfake\data\real_cifake_images\946.png,real,train
F:\PyTorch practice\ViT_Deepfake\data\fake_cifake_images\45.png,fake,train
F:\PyTorch practice\ViT_Deepfake\data\fake_cifake_images\306.png,fake,train
F:\PyTorch practice\ViT_Deepfake\data\real_cifake_images\928.png,real,train
F:\PyTorch practice\ViT_Deepfake\data\fake_cifake_images\527.png,fake,train
F:\PyTorch practice\ViT_Deepfake\data\fake_cifake_images\95.png,fake,train
F:\PyTorch practice\ViT_Deepfake\data\fake_cifake_images\716.png,fake,train
F:\PyTorch practice\ViT_Deepfake\data\fake_cifake_images\261.png,fake,train
F:\PyTorch practice\ViT_Deepfake\data\fake_cifake_images\564.png,fake,train
F:\PyTorch practice\ViT_Deepfake\data\fake_cifake_images\39.png,fake,train
F:\PyTorch practice\ViT_Deepfake\data\fake_cifake_images\414.png,fake,train
F:\PyTorch practice\ViT_Deepfake\data\real_cifake_images\940.png,real,train
F:\PyTorch practice\ViT_Deepfake\data\fake_cifake_images\388.png,fake,train
F:\PyTorch practice\ViT_Deepfake\data\fake_cifake_images\120.png,fake,train
F:\PyTorch practice\ViT_Deepfake\data\fake_cifake_images\273.png,fake,train
F:\PyTorch practice\ViT_Deepfake\data\fake_cifake_images\560.png,fake,train
F:\PyTorch practice\ViT_Deepfake\data\fake_cifake_images\779.png,fake,val
F:\PyTorch practice\ViT_Deepfake\data\fake_cifake_images\28.png,fake,train
F:\PyTorch practice\ViT_Deepfake\data\fake_cifake_images\558.png,fake,train
F:\PyTorch practice\ViT_Deepfake\data\fake_cifake_images\568.png,fake,train
F:\PyTorch practice\ViT_Deepfake\data\fake_cifake_images\575.png,fake,train
F:\PyTorch practice\ViT_Deepfake\data\fake_cifake_images\502.png,fake,train
F:\PyTorch practice\ViT_Deepfake\data\fake_cifake_images\796.png,fake,train
F:\PyTorch practice\ViT_Deepfake\data\fake_cifake_images\834.png,fake,val
F:\PyTorch practice\ViT_Deepfake\data\fake_cifake_images\61.png,fake,val
F:\PyTorch practice\ViT_Deepfake\data\fake_cifake_images\396.png,fake,train
F:\PyTorch practice\ViT_Deepfake\data\fake_cifake_images\516.png,fake,train
F:\PyTorch practice\ViT_Deepfake\data\fake_cifake_images\896.png,fake,train
F:\PyTorch practice\ViT_Deepfake\data\fake_cifake_images\501.png,fake,train
F:\PyTorch practice\ViT_Deepfake\data\fake_cifake_images\678.png,fake,train
F:\PyTorch practice\ViT_Deepfake\data\fake_cifake_images\41.png,fake,val
F:\PyTorch practice\ViT_Deepfake\data\fake_cifake_images\437.png,fake,train
F:\PyTorch practice\ViT_Deepfake\data\fake_cifake_images\561.png,fake,train
F:\PyTorch practice\ViT_Deepfake\data\fake_cifake_images\695.png,fake,train
F:\PyTorch practice\ViT_Deepfake\data\fake_cifake_images\86.png,fake,train
F:\PyTorch practice\ViT_Deepfake\data\fake_cifake_images\145.png,fake,train
F:\PyTorch practice\ViT_Deepfake\data\real_cifake_images\948.png,real,train
F:\PyTorch practice\ViT_Deepfake\data\fake_cifake_images\947.png,fake,train
F:\PyTorch practice\ViT_Deepfake\data\fake_cifake_images\682.png,fake,val
F:\PyTorch practice\ViT_Deepfake\data\fake_cifake_images\940.png,fake,train
F:\PyTorch practice\ViT_Deepfake\data\fake_cifake_images\908.png,fake,train
F:\PyTorch practice\ViT_Deepfake\data\fake_cifake_images\537.png,fake,train
F:\PyTorch practice\ViT_Deepfake\data\fake_cifake_images\141.png,fake,train
F:\PyTorch practice\ViT_Deepfake\data\fake_cifake_images\164.png,fake,train
F:\PyTorch practice\ViT_Deepfake\data\fake_cifake_images\218.png,fake,train
F:\PyTorch practice\ViT_Deepfake\data\fake_cifake_images\116.png,fake,train
F:\PyTorch practice\ViT_Deepfake\data\real_cifake_images\976.png,real,train
F:\PyTorch practice\ViT_Deepfake\data\fake_cifake_images\2.png,fake,train
F:\PyTorch practice\ViT_Deepfake\data\fake_cifake_images\254.png,fake,train
F:\PyTorch practice\ViT_Deepfake\data\fake_cifake_images\63.png,fake,train
F:\PyTorch practice\ViT_Deepfake\data\fake_cifake_images\626.png,fake,train
F:\PyTorch practice\ViT_Deepfake\data\fake_cifake_images\34.png,fake,train
F:\PyTorch practice\ViT_Deepfake\data\fake_cifake_images\964.png,fake,val
F:\PyTorch practice\ViT_Deepfake\data\fake_cifake_images\122.png,fake,train
F:\PyTorch practice\ViT_Deepfake\data\fake_cifake_images\292.png,fake,train
F:\PyTorch practice\ViT_Deepfake\data\fake_cifake_images\597.png,fake,train
F:\PyTorch practice\ViT_Deepfake\data\fake_cifake_images\390.png,fake,train
F:\PyTorch practice\ViT_Deepfake\data\fake_cifake_images\996.png,fake,train
F:\PyTorch practice\ViT_Deepfake\data\fake_cifake_images\554.png,fake,train
F:\PyTorch practice\ViT_Deepfake\data\fake_cifake_images\711.png,fake,train
F:\PyTorch practice\ViT_Deepfake\data\fake_cifake_images\127.png,fake,train
F:\PyTorch practice\ViT_Deepfake\data\fake_cifake_images\991.png,fake,train
F:\PyTorch practice\ViT_Deepfake\data\fake_cifake_images\786.png,fake,train
F:\PyTorch practice\ViT_Deepfake\data\fake_cifake_images\430.png,fake,train
F:\PyTorch practice\ViT_Deepfake\data\fake_cifake_images\177.png,fake,train
F:\PyTorch practice\ViT_Deepfake\data\fake_cifake_images\788.png,fake,train
F:\PyTorch practice\ViT_Deepfake\data\fake_cifake_images\144.png,fake,train
F:\PyTorch practice\ViT_Deepfake\data\fake_cifake_images\65.png,fake,train
F:\PyTorch practice\ViT_Deepfake\data\fake_cifake_images\830.png,fake,train
F:\PyTorch practice\ViT_Deepfake\data\fake_cifake_images\299.png,fake,train
F:\PyTorch practice\ViT_Deepfake\data\fake_cifake_images\581.png,fake,train
F:\PyTorch practice\ViT_Deepfake\data\real_cifake_images\907.png,real,train
F:\PyTorch practice\ViT_Deepfake\data\fake_cifake_images\729.png,fake,train
F:\PyTorch practice\ViT_Deepfake\data\fake_cifake_images\194.png,fake,train
F:\PyTorch practice\ViT_Deepfake\data\fake_cifake_images\948.png,fake,train
F:\PyTorch practice\ViT_Deepfake\data\fake_cifake_images\752.png,fake,val
F:\PyTorch practice\ViT_Deepfake\data\fake_cifake_images\728.png,fake,train
F:\PyTorch practice\ViT_Deepfake\data\fake_cifake_images\774.png,fake,train
F:\PyTorch practice\ViT_Deepfake\data\fake_cifake_images\56.png,fake,train
F:\PyTorch practice\ViT_Deepfake\data\fake_cifake_images\125.png,fake,train
F:\PyTorch practice\ViT_Deepfake\data\fake_cifake_images\83.png,fake,train
F:\PyTorch practice\ViT_Deepfake\data\real_cifake_images\901.png,real,train
F:\PyTorch practice\ViT_Deepfake\data\fake_cifake_images\787.png,fake,train
F:\PyTorch practice\ViT_Deepfake\data\real_cifake_images\957.png,real,val
F:\PyTorch practice\ViT_Deepfake\data\fake_cifake_images\714.png,fake,train
F:\PyTorch practice\ViT_Deepfake\data\fake_cifake_images\114.png,fake,train
F:\PyTorch practice\ViT_Deepfake\data\fake_cifake_images\635.png,fake,val
F:\PyTorch practice\ViT_Deepfake\data\fake_cifake_images\904.png,fake,train
F:\PyTorch practice\ViT_Deepfake\data\fake_cifake_images\406.png,fake,train
F:\PyTorch practice\ViT_Deepfake\data\fake_cifake_images\683.png,fake,train
F:\PyTorch practice\ViT_Deepfake\data\fake_cifake_images\22.png,fake,train
F:\PyTorch practice\ViT_Deepfake\data\fake_cifake_images\305.png,fake,train
F:\PyTorch practice\ViT_Deepfake\data\fake_cifake_images\776.png,fake,train
F:\PyTorch practice\ViT_Deepfake\data\fake_cifake_images\9.png,fake,train
F:\PyTorch practice\ViT_Deepfake\data\fake_cifake_images\953.png,fake,train
F:\PyTorch practice\ViT_Deepfake\data\fake_cifake_images\202.png,fake,train
F:\PyTorch practice\ViT_Deepfake\data\fake_cifake_images\587.png,fake,train
F:\PyTorch practice\ViT_Deepfake\data\fake_cifake_images\515.png,fake,train
F:\PyTorch practice\ViT_Deepfake\data\fake_cifake_images\453.png,fake,train
F:\PyTorch practice\ViT_Deepfake\data\fake_cifake_images\235.png,fake,train
F:\PyTorch practice\ViT_Deepfake\data\fake_cifake_images\371.png,fake,train
F:\PyTorch practice\ViT_Deepfake\data\fake_cifake_images\538.png,fake,train
F:\PyTorch practice\ViT_Deepfake\data\fake_cifake_images\359.png,fake,train
F:\PyTorch practice\ViT_Deepfake\data\real_cifake_images\869.png,real,train
F:\PyTorch practice\ViT_Deepfake\data\real_cifake_images\983.png,real,train
F:\PyTorch practice\ViT_Deepfake\data\fake_cifake_images\710.png,fake,train
F:\PyTorch practice\ViT_Deepfake\data\fake_cifake_images\389.png,fake,train
F:\PyTorch practice\ViT_Deepfake\data\real_cifake_images\964.png,real,train
F:\PyTorch practice\ViT_Deepfake\data\fake_cifake_images\550.png,fake,train
F:\PyTorch practice\ViT_Deepfake\data\fake_cifake_images\954.png,fake,train
F:\PyTorch practice\ViT_Deepfake\data\fake_cifake_images\88.png,fake,train
F:\PyTorch practice\ViT_Deepfake\data\fake_cifake_images\504.png,fake,train
F:\PyTorch practice\ViT_Deepfake\data\fake_cifake_images\187.png,fake,train
F:\PyTorch practice\ViT_Deepfake\data\fake_cifake_images\775.png,fake,train
F:\PyTorch practice\ViT_Deepfake\data\fake_cifake_images\618.png,fake,train
F:\PyTorch practice\ViT_Deepfake\data\fake_cifake_images\192.png,fake,train
F:\PyTorch practice\ViT_Deepfake\data\fake_cifake_images\927.png,fake,train
F:\PyTorch practice\ViT_Deepfake\data\fake_cifake_images\38.png,fake,val
F:\PyTorch practice\ViT_Deepfake\data\fake_cifake_images\998.png,fake,train
F:\PyTorch practice\ViT_Deepfake\data\fake_cifake_images\746.png,fake,train
F:\PyTorch practice\ViT_Deepfake\data\fake_cifake_images\798.png,fake,train
F:\PyTorch practice\ViT_Deepfake\data\fake_cifake_images\878.png,fake,val
F:\PyTorch practice\ViT_Deepfake\data\fake_cifake_images\764.png,fake,train
F:\PyTorch practice\ViT_Deepfake\data\fake_cifake_images\8.png,fake,train
F:\PyTorch practice\ViT_Deepfake\data\fake_cifake_images\484.png,fake,val
F:\PyTorch practice\ViT_Deepfake\data\fake_cifake_images\132.png,fake,train
F:\PyTorch practice\ViT_Deepfake\data\real_cifake_images\972.png,real,train
F:\PyTorch practice\ViT_Deepfake\data\fake_cifake_images\981.png,fake,train
F:\PyTorch practice\ViT_Deepfake\data\fake_cifake_images\269.png,fake,train
F:\PyTorch practice\ViT_Deepfake\data\real_cifake_images\978.png,real,train
F:\PyTorch practice\ViT_Deepfake\data\fake_cifake_images\138.png,fake,train
F:\PyTorch practice\ViT_Deepfake\data\fake_cifake_images\580.png,fake,train
F:\PyTorch practice\ViT_Deepfake\data\fake_cifake_images\557.png,fake,train
F:\PyTorch practice\ViT_Deepfake\data\fake_cifake_images\664.png,fake,train
F:\PyTorch practice\ViT_Deepfake\data\fake_cifake_images\272.png,fake,train
F:\PyTorch practice\ViT_Deepfake\data\fake_cifake_images\610.png,fake,train
F:\PyTorch practice\ViT_Deepfake\data\fake_cifake_images\819.png,fake,train
F:\PyTorch practice\ViT_Deepfake\data\fake_cifake_images\756.png,fake,train
F:\PyTorch practice\ViT_Deepfake\data\fake_cifake_images\676.png,fake,train
F:\PyTorch practice\ViT_Deepfake\data\fake_cifake_images\379.png,fake,train
F:\PyTorch practice\ViT_Deepfake\data\fake_cifake_images\960.png,fake,train
F:\PyTorch practice\ViT_Deepfake\data\fake_cifake_images\150.png,fake,train
F:\PyTorch practice\ViT_Deepfake\data\real_cifake_images\933.png,real,train
F:\PyTorch practice\ViT_Deepfake\data\fake_cifake_images\243.png,fake,train
F:\PyTorch practice\ViT_Deepfake\data\fake_cifake_images\11.png,fake,train
F:\PyTorch practice\ViT_Deepfake\data\fake_cifake_images\720.png,fake,train
F:\PyTorch practice\ViT_Deepfake\data\fake_cifake_images\246.png,fake,train
F:\PyTorch practice\ViT_Deepfake\data\fake_cifake_images\316.png,fake,train
F:\PyTorch practice\ViT_Deepfake\data\real_cifake_images\864.png,real,train
F:\PyTorch practice\ViT_Deepfake\data\fake_cifake_images\629.png,fake,train
F:\PyTorch practice\ViT_Deepfake\data\fake_cifake_images\608.png,fake,train
F:\PyTorch practice\ViT_Deepfake\data\fake_cifake_images\551.png,fake,train
F:\PyTorch practice\ViT_Deepfake\data\fake_cifake_images\486.png,fake,train
F:\PyTorch practice\ViT_Deepfake\data\fake_cifake_images\314.png,fake,val
